k,delta,tilde_norm,x_norm,tx
0,0.1,0.3100272215851364,7.0710678118654755,1
1,0.1,0.3112648601252471,7.063962542165964,1
2,0.1,0.4487715515013076,7.042714628941304,1
3,0.1,0.5398558369990567,7.00757023796225,1
4,0.1,0.38662788258079445,6.958897086083353,1
5,0.1,0.25830003539660273,6.896995473072332,1
6,0.1,0.44370835318178925,6.8224533022282365,1
7,0.1,0.3272494608086708,6.736244256347694,1
8,0.1,0.5115807387281598,6.638996957304714,1
9,0.1,0.3020866144185338,6.531790538751725,1
10,0.1,0.5277961863494669,6.414195962895405,1
11,0.1,0.3430320273209004,6.289573981734058,1
12,0.1,0.6684027716325414,6.161524830357043,1
13,0.1,0.5019481369649955,6.029511255218579,1
14,0.1,0.43140066433449725,5.898931789698514,1
15,0.1,0.2855262972250687,5.762696891663816,1
16,0.1,0.4820108612503755,5.623948861657853,1
17,0.1,0.5575396736044508,5.445255385135425,1
18,0.1,0.10787147071336856,5.267629618202645,1
19,0.1,0.10618762274072578,5.125769909598256,1
20,0.1,0.10520889432879296,4.992171756238191,1
21,0.1,0.46315095908001497,4.874667331253221,1
22,0.1,0.48666421516735053,4.745694648631349,1
23,0.1,0.4806311805300111,4.646284071116553,1
24,0.1,0.3006052477110814,4.614042305384576,1
25,0.1,0.33810479192173676,4.591479739888319,1
26,0.1,0.4881629341387228,4.606543091931988,1
27,0.1,0.3026122966240963,4.649428566825034,1
28,0.1,0.5011142507020191,4.736783676506839,1
29,0.1,0.3916830702848912,4.852208584767207,1
30,0.1,0.23159727621469373,4.985105022903639,1
31,0.1,0.4106970142987887,5.141914003543392,1
32,0.1,0.47965372749618773,5.325441706496656,1
33,0.1,0.39051914480100774,5.511544891784372,1
34,0.1,0.4409910857642568,5.7166319235730665,1
35,0.1,0.6553207408956829,5.932914968539589,1
36,0.1,0.4968461303207307,6.148403050461344,1
37,0.1,0.4836559714889112,6.387369282566932,1
38,0.1,0.3757802064283425,6.636772224963587,1
39,0.1,0.6155347789186701,6.894299240212699,1
40,0.1,0.2998764149600027,7.163259583842655,1
41,0.1,0.7540580773701857,7.429860661438586,1
42,0.1,0.3177000095998254,7.6970519598515,1
43,0.1,0.6024758247107697,7.983582273751054,1
44,0.1,0.2169613853418616,8.267406754409715,1
45,0.1,0.8688027066483275,8.563695449803562,1
46,0.1,0.5097773495694855,8.826856756291019,1
47,0.1,0.5547201797683402,9.120617234752189,1
48,0.1,0.3924022938065267,9.415116953534378,1
49,0.1,0.21704110230983029,9.71751196926884,1
50,0.1,1.0469585070664167,10.023905341110234,1
51,0.1,0.23393714744353783,10.296156020915388,1
52,0.1,0.43540755200797776,10.600854274677355,1
53,0.1,0.24725419842136298,10.818799696256008,1
54,0.1,0.3274549632797527,11.082253028762658,1
55,0.1,0.3423800940881143,11.290075395803228,1
56,0.1,0.5292436910284601,11.508726081520093,1
57,0.1,0.5352430073283746,11.72227801216965,1
58,0.1,0.605872574630371,11.924837902570635,1
59,0.1,0.599304312310683,12.111616696269248,1
60,0.1,0.6389727404505018,12.28967866137143,1
61,0.1,0.49860482679878904,12.477731038085269,1
62,0.1,0.40418438812472507,12.704290641425946,1
63,0.1,0.4185470520460153,12.895770704587836,1
64,0.1,0.44899480305833167,13.090512837312787,1
65,0.1,0.35080635690026457,13.31685792737766,1
66,0.1,0.5466745818153836,13.499273070503733,1
67,0.1,0.40740277076929443,13.666254460725463,1
68,0.1,0.2534042810792069,13.852358023950204,1
69,0.1,0.7694385341078693,14.01363055593607,1
70,0.1,0.5758563980714306,14.22106025518413,1
71,0.1,0.309542410913176,14.427077904795427,1
72,0.1,0.2553652579743222,14.62941664427264,1
73,0.1,0.4678230012772007,14.82389160764216,1
74,0.1,0.4782808963002786,14.98799150159445,1
75,0.1,0.2173358608195933,15.13545961142764,1
76,0.1,0.37588462262476136,15.303170555354853,1
77,0.1,0.4027547031625015,15.500702020913616,1
78,0.1,0.6007510630491926,15.71990663705213,1
79,0.1,0.5658022534931821,15.919994843480476,1
80,0.1,0.3211248619803653,16.090368346877703,1
81,0.1,0.42120724784100727,16.30838499818793,1
82,0.1,0.3433360311964534,16.51349494163464,1
83,0.1,0.4094928715732027,16.741848276797572,1
84,0.1,0.48084292458801403,16.98292228261014,1
85,0.1,0.46912344964542296,17.179166913521108,1
86,0.1,0.6364891497354523,17.36271937046145,1
87,0.1,0.27307448063336137,17.564627173044972,1
88,0.1,0.5530693543559935,17.772978553360645,1
89,0.1,0.42239624327955216,17.98442017686718,1
90,0.1,0.3942360652112655,18.165773126396147,1
91,0.1,0.14138013151013706,18.380706193820682,1
92,0.1,0.41984180652653846,18.571315969759066,1
93,0.1,0.4460585852600305,18.739125210095956,1
94,0.1,0.35510184221974556,18.946995279439836,1
95,0.1,0.5195669482789981,19.17586214068304,1
96,0.1,0.41371048172781305,19.37364450233472,1
97,0.1,0.4464562177765707,19.55985297974074,1
98,0.1,0.4583540283692157,19.7659181202846,1
99,0.1,0.3209128986959713,19.94920400110599,1
100,0.1,0.43637484841663726,20.15416358994989,1
101,0.1,0.682624041907709,20.348286095860797,1
102,0.1,0.3246213046769852,20.55535511550517,1
103,0.1,0.6302782178057615,20.75458265556122,1
104,0.1,0.2356635528647497,20.947801932777114,1
105,0.1,0.6414346425353498,21.124563426259442,1
106,0.1,0.22789463795916848,21.331726621197685,1
107,0.1,0.31726693296289077,21.513268285054362,1
108,0.1,0.47887293372659845,21.693534968242908,1
109,0.1,0.4508484905694568,21.895965994402736,1
110,0.1,0.37546977188276204,22.078014227146724,1
111,0.1,0.6857882052801721,22.278811045835653,1
112,0.1,0.22861615204961366,22.45610863193652,1
113,0.1,0.6055879283078687,22.638719451205283,1
114,0.1,0.605036132246637,22.84305096641137,1
115,0.1,0.44537216234825605,23.065075800348694,1
116,0.1,0.3970940763710301,23.253350624394866,1
117,0.1,0.49023318927475273,23.476000201346988,1
118,0.1,0.7275577340167471,23.666413626404303,1
119,0.1,0.2759943106169609,23.892763074158278,1
120,0.1,0.6284376656469214,24.107988632118545,1
121,0.1,0.37560796327698115,24.330013801421597,1
122,0.1,0.4713426278288421,24.531242541182014,1
123,0.1,0.46120417848882866,24.758979603176794,1
124,0.1,0.6124344518231584,24.979277915324438,1
125,0.1,0.408248197367358,25.21176428786099,1
126,0.1,0.6747572243443327,25.44285951250477,1
127,0.1,0.5543372841505547,25.644929939802736,1
128,0.1,0.33589014862588973,25.829523920197296,1
129,0.1,0.461128381448513,26.023466982248518,1
130,0.1,0.3509577872692316,26.21965211766225,1
131,0.1,0.5547472586254522,26.421590247306025,1
132,0.1,0.1254103237124598,26.64619246905501,1
133,0.1,0.49382590208346805,26.852895649057412,1
134,0.1,0.2743435290491716,27.06636384239612,1
135,0.1,0.319464933284355,27.263951363053636,1
136,0.1,0.5231635587315744,27.45436887485289,1
137,0.1,0.515238587307164,27.624020223934497,1
138,0.1,0.13499633300799332,27.806241209005947,1
139,0.1,0.22878793575636563,27.993197056058012,1
140,0.1,0.22012508615747292,28.171187675032296,1
141,0.1,0.27877813417430763,28.348042214702392,1
142,0.1,0.27735659918932093,28.547698872732617,1
143,0.1,0.1820623816506161,28.762505973078508,1
144,0.1,0.5026217437716267,28.950980233955878,1
145,0.1,0.33419011540384297,29.13708514114116,1
146,0.1,0.46131658801226005,29.317112352391376,1
147,0.1,0.3777334577388478,29.51003985663863,1
148,0.1,0.18943111992075537,29.715242491036385,1
149,0.1,0.37894200063249905,29.911216237546483,1
150,0.1,0.4465157743903329,30.08775443790096,1
151,0.1,0.3794761495435799,30.285738570108727,1
152,0.1,0.2798047840541775,30.49109566511396,1
153,0.1,0.3984603923353959,30.689789597497473,1
154,0.1,0.32283382171641967,30.89552710461015,1
155,0.1,0.4670983497044426,31.09578750793302,1
156,0.1,0.451479638356974,31.3069406702111,1
157,0.1,0.41454590483233594,31.5208296263065,1
158,0.1,0.4774016337628694,31.746030582243616,1
159,0.1,0.48193952008574475,31.966143740194546,1
160,0.1,0.19770391035408014,32.18536730906959,1
161,0.1,0.4089425645062443,32.40004364930676,1
162,0.1,0.4245682597654871,32.61458318782245,1
163,0.1,0.3089092573257902,32.80730612212522,1
164,0.1,0.6414296678966457,33.002275420942624,1
165,0.1,0.24789293347239572,33.18681160249261,1
166,0.1,0.39353251263701733,33.371916381225475,1
167,0.1,0.48391305721926875,33.569642775384374,1
168,0.1,0.39658028903122633,33.748948312603936,1
169,0.1,0.3692300400861554,33.91584316031088,1
170,0.1,0.3726741232428295,34.09601170373602,1
171,0.1,0.6225521233654695,34.291489390481786,1
172,0.1,0.5162756892954127,34.465986190384875,1
173,0.1,0.46725220054684485,34.62913069365665,1
174,0.1,0.4564342537632493,34.80622973632331,1
175,0.1,0.6069055363115822,35.003248387969116,1
176,0.1,0.6863228151419201,35.19945122890665,1
177,0.1,0.3023293024925602,35.398222246849244,1
178,0.1,0.7073681446855551,35.59813985727931,1
179,0.1,0.6753027479910321,35.79285053303068,1
180,0.1,0.5532612313819718,35.983957064510776,1
181,0.1,0.312713124271938,36.19531345249407,1
182,0.1,0.3148075309949451,36.424542563058424,1
183,0.1,0.7106487884176765,36.65218135215143,1
184,0.1,0.3455040720567185,36.862685422483935,1
185,0.1,0.28673816918637157,37.059545793055854,1
186,0.1,0.43718440838775846,37.24556556676767,1
187,0.1,0.4810713640427213,37.41288417425611,1
188,0.1,0.5002615602142361,37.59892148343082,1
189,0.1,0.46839295736642667,37.805821150117374,1
190,0.1,0.44765069397632606,38.000909492305915,1
191,0.1,0.42919435626345087,38.189878152333186,1
192,0.1,0.403456975012032,38.37700896654555,1
193,0.1,0.3987475018185466,38.583459871821276,1
194,0.1,0.7812161571806833,38.806063827318084,1
195,0.1,0.287324446705308,39.03623540188033,1
196,0.1,0.5199594570223419,39.24517784824613,1
197,0.1,0.5268263281189394,39.43713300208199,1
198,0.1,0.37776247916344025,39.6468577100412,1
199,0.1,0.5039223917288154,39.86391144019997,1
200,0.1,0.41026108028426955,40.06064000405533,1
201,0.1,0.6273345872331177,40.27756718678521,1
202,0.1,0.5930251098309274,40.51515295608248,1
203,0.1,0.26983770061883355,40.755227019613145,1
204,0.1,0.27919616364704875,40.988091415356486,1
205,0.1,0.2595775449037703,41.21662259431796,1
206,0.1,0.479541294835685,41.439827057234346,1
207,0.1,0.7429636376614079,41.64402211208909,1
208,0.1,0.5413048845486685,41.85871477923105,1
209,0.1,0.551263237224779,42.08264639703266,1
210,0.1,0.5622813366988441,42.312213192048766,1
211,0.1,0.5862257796979022,42.54203223686486,1
212,0.1,0.5883951001791092,42.752096281692324,1
213,0.1,0.6774767563489762,42.94619149433023,1
214,0.1,0.6454250982978018,43.13627756228122,1
215,0.1,0.6147614548754069,43.325549962598025,1
216,0.1,0.5857038689103301,43.5133602655402,1
217,0.1,0.45496214494034315,43.69878477071488,1
218,0.1,0.43297182630043635,43.881732190348785,1
219,0.1,0.4009974248464583,44.06220249358956,1
220,0.1,0.5771083782002067,44.23772602448951,1
221,0.1,0.5790767416730725,44.40291498232484,1
222,0.1,0.5842661213738255,44.56212675598726,1
223,0.1,0.44675936643671416,44.715580379087896,1
224,0.1,0.4291836745228284,44.88346153974507,1
225,0.1,0.6305391877426528,45.063210884688694,1
226,0.1,0.6493894538020021,45.23524395985609,1
227,0.1,0.5598107845229254,45.39840738339001,1
228,0.1,0.22072924470409805,45.56548043442706,1
229,0.1,0.11280975307196021,45.73771721208533,1
230,0.1,0.32885632127139003,45.92769727014278,1
231,0.1,0.16000785086111785,46.13526857175272,1
232,0.1,0.40105219137386766,46.34594509874819,1
233,0.1,0.7555508041194863,46.55001852639578,1
234,0.1,0.3349763501339772,46.74717186152088,1
235,0.1,0.5645816102396009,46.93394664861976,1
236,0.1,0.24401668641051807,47.1389032904197,1
237,0.1,0.3728960211488783,47.33710053875652,1
238,0.1,0.3575612739157853,47.53851985868296,1
239,0.1,0.34380552758077687,47.740933124675955,1
240,0.1,0.33182521176233093,47.942352662360406,1
241,0.1,0.32181866897732553,48.141755281516936,1
242,0.1,0.45566789132141494,48.3387096738837,1
243,0.1,0.5610241268699384,48.55117367493059,1
244,0.1,0.6801788156034747,48.78368330182238,1
245,0.1,0.34971766489686423,49.01874216266881,1
246,0.1,0.3624442919094862,49.23478647761288,1
247,0.1,0.3058392356405063,49.431781295051024,1
248,0.1,0.21351230297624704,49.64503710323233,1
249,0.1,0.3709409676848831,49.853489084323925,1
250,0.1,0.49426215166593335,50.05002312789217,1
251,0.1,0.34503454648422405,50.23827678669506,1
252,0.1,0.561873328913318,50.443465993298354,1
253,0.1,0.6480008552071812,50.66910246939042,1
254,0.1,0.9023755589266926,50.91219031322607,1
255,0.1,1.1575417524295872,51.17567959876298,1
256,0.1,1.3962368989958935,51.45792052634776,1
257,0.1,1.3852864212672145,51.75841016631884,1
258,0.1,2.0143692153875326,52.07616963089949,1
259,0.1,2.000223294146346,52.41326028602702,1
260,0.1,2.684441166634223,52.76856361726287,1
261,0.1,3.0407314610675584,53.14074056866772,1
262,0.1,3.405054298296058,53.53421448775954,1
263,0.1,3.7986584762966555,53.94822138597046,1
264,0.1,4.218492085744404,54.38266328104561,1
265,0.1,4.236880141612356,54.8368523714595,1
266,0.1,4.255268355453283,55.310723795887576,1
267,0.1,5.605587538501837,55.80366957861836,1
268,0.1,6.095734138735997,56.31705288489502,1
269,0.1,6.62586860243949,56.85036789755505,1
270,0.1,7.171846770793615,57.40355694651005,1
271,0.1,7.719421653070672,57.97663195484709,1
272,0.1,8.296234509015429,58.57003001017878,1
273,0.1,8.873179717192189,59.18227688898145,1
274,0.1,9.49491446537982,59.8151548145983,1
275,0.1,10.136980799815477,60.46792783814453,1
276,0.1,10.795817545157883,61.14038790162999,1
277,0.1,11.454525455958612,61.83312585136775,1
278,0.1,12.150610258900993,62.54565454876237,1
279,0.1,12.868280283320763,63.278447697099125,1
280,0.1,13.604933836388357,64.03114327378069,1
281,0.1,14.358502714018837,64.80376215743547,1
282,0.1,15.133349096295508,65.5963167793211,1
283,0.1,15.922171141655555,66.40882200528954,1
284,0.1,16.740404052074656,67.24140522497765,1
285,0.1,17.56824960586287,68.09394692518073,1
286,0.1,18.436259361152064,68.96625305920739,1
287,0.1,19.30478031006353,69.85863448091192,1
288,0.1,20.191660633473255,70.77055199881812,1
289,0.1,21.10819396430273,71.70244290030057,1
290,0.1,22.04534432765804,72.65435531675674,1
291,0.1,22.029074420142997,73.62606428315526,1
292,0.1,23.96631268743738,74.61747862946217,1
293,0.1,24.96358474618748,75.62867465713302,1
294,0.1,25.97504056529355,76.65985650881481,1
295,0.1,27.01237858270717,77.71018750802396,1
296,0.1,26.976993774959872,78.7802904095729,1
297,0.1,26.941683901220966,79.86956577366371,1
298,0.1,30.22516877201568,80.97678903010357,1
299,0.1,31.338684386186973,82.10481835815189,1
300,0.1,32.46761247799228,83.25248487506174,1
301,0.1,33.62013411167751,84.42008354332489,1
302,0.1,33.58504731464696,85.60741271532912,1
303,0.1,35.984601479849694,86.81440965182256,1
304,0.1,37.19229988024639,88.04127418864009,1
305,0.1,38.4237554064254,89.2878113848152,1
306,0.1,39.67324542209724,90.554045624123,1
307,0.1,40.94505866965599,91.8399999973364,1
308,0.1,42.23376103130709,93.1457580473106,1
309,0.1,43.54629720406849,94.47134448545098,1
310,0.1,44.87594138869284,95.81642154357971,1
311,0.1,46.22532810541359,97.1813985854378,1
312,0.1,47.596235587877516,98.56620497363895,1
313,0.1,48.98497247826118,99.97072719570666,1
314,0.1,50.39600076566589,101.395110655632,1
315,0.1,51.82729977559901,102.83929798880942,1
316,0.1,53.27594533937857,104.30326488086567,1
317,0.1,54.74996656297962,105.78705551187653,1
318,0.1,56.2365521062002,107.2906294157639,1
319,0.1,57.748432168215786,108.81402603596102,1
320,0.1,59.27750494397202,110.35720746211862,1
321,0.1,60.827734998241674,111.92014448679099,1
322,0.1,62.399594742134724,113.5028692169379,1
323,0.1,62.35238309554766,115.10537499492573,1
324,0.1,65.59888029776552,116.72760543232528,1
325,0.1,67.22830068397772,118.36971760811447,1
326,0.1,68.87963314204639,120.03159008354326,1
327,0.1,70.54866193202687,121.71330512122263,1
328,0.1,72.23899893544908,123.41484144859577,1
329,0.1,73.94863054820237,125.13619307533996,1
330,0.1,75.67967320676178,126.87732260470995,1
331,0.1,77.42900476109769,128.6383020334527,1
332,0.1,79.19910076267034,130.41905956806613,1
333,0.1,80.98905997966018,132.2196705376106,1
334,0.1,82.80032763919536,134.0400668934383,1
335,0.1,84.62908047613483,135.88031890431031,1
336,0.1,86.47956672568422,137.7403635058908,1
337,0.1,88.34896964489583,139.62023014271514,1
338,0.1,90.23902368611425,141.51991838389938,1
339,0.1,92.14922088428301,143.43946410768055,1
340,0.1,94.07893305848773,145.37885275491254,1
341,0.1,96.03032136481701,147.33808676926418,1
342,0.1,97.99865690875575,149.31706818968274,1
343,0.1,97.99819061346035,151.31591666574198,1
344,0.1,97.99772705032066,153.33457297874077,1
345,0.1,97.99726621937539,155.3729701661754,1
346,0.1,97.9968081206631,157.43070043158156,1
347,0.1,108.13572924681458,159.46436521713412,1
348,0.1,110.1998355030141,161.53763020511218,1
349,0.1,112.2851620737867,163.63076110760284,1
350,0.1,114.38992234680558,165.74366440082076,1
351,0.1,116.514504053653,167.87647735183742,1
352,0.1,118.65902531693791,170.029149689236,1
353,0.1,120.82307039545717,172.20168629950405,1
354,0.1,123.00777981376088,174.39410848296535,1
355,0.1,125.21339261948746,176.60637637589346,1
356,0.1,127.43695771356103,178.83845665284193,1
357,0.1,129.6816721179186,181.09043662040713,1
358,0.1,131.94723863344475,183.36231857663972,1
359,0.1,134.23121659720508,185.65405432304982,1
360,0.1,136.53617120246696,187.96557675389047,1
361,0.1,138.8600736627262,190.2970389896018,1
362,0.1,141.2046718973716,192.64832668831545,1
363,0.1,143.56904344128225,195.01943601929028,1
364,0.1,145.95340528306753,197.4104244467735,1
365,0.1,148.3584298273655,199.82124040857929,1
366,0.1,150.78231816942116,202.25194112575684,1
367,0.1,153.22618566191696,204.70252486463292,1
368,0.1,155.69011613106156,207.17300836238414,1
369,0.1,158.17468539666442,209.6633840128712,1
370,0.1,160.67872423384313,212.17365293081866,1
371,0.1,163.2027914576547,214.70381836824785,1
372,0.1,165.74737433394708,217.25388108319916,1
373,0.1,168.311393108827,219.82377850960938,1
374,0.1,170.89662305326536,222.4136200759874,1
375,0.1,173.49954213354093,225.02318040384617,1
376,0.1,176.12363853250451,227.65271734275106,1
377,0.1,178.76765419213248,230.30215976177067,1
378,0.1,181.4325081057756,232.97150977439463,1
379,0.1,184.1157632555624,235.66073823123475,1
380,0.1,186.81991764761742,238.36990288236407,1
381,0.1,189.54373443232498,241.09897487395557,1
382,0.1,192.2877514461896,243.84796049345468,1
383,0.1,195.0519260473414,246.61687393500137,1
384,0.1,197.83570374078562,249.40569894914773,1
385,0.1,200.63993951263885,252.21445438866417,1
386,0.1,203.46361622113722,255.04307227567136,1
387,0.1,206.30766058591323,257.8916422082704,1
388,0.1,209.17205020021117,260.76008256254755,1
389,0.1,212.055642339846,263.64844815108074,1
390,0.1,214.95917379984445,266.5566961288234,1
391,0.1,217.8836447649686,269.48489782474667,1
392,0.1,220.82792819879393,272.43303164131083,1
393,0.1,223.7908265481055,275.4011003975195,1
394,0.1,226.77459792822074,278.38910794131306,1
395,0.1,229.77850067255497,281.39704391097763,1
396,0.1,232.8021570758744,284.42490010672293,1
397,0.1,235.84651974695564,287.47270337343593,1
398,0.1,238.9101732555974,290.54043756708484,1
399,0.1,241.99461772736808,293.62809895841076,1
400,0.1,245.09745543927878,296.7356251577266,1
401,0.1,248.2212960258469,299.86311493959425,1
402,0.1,251.36503755173683,303.01054400195426,1
403,0.1,254.52889513914423,306.17792164172846,1
404,0.1,257.71246712904355,309.36520346182454,1
405,0.1,260.9161397942448,312.57244648558475,1
406,0.1,264.13985162053035,315.79963127270173,1
407,0.1,267.38333359122123,319.04676800329423,1
408,0.1,270.64695703062574,322.3138558893322,1
409,0.1,273.9307168962479,325.60089577384935,1
410,0.1,273.9106790946412,328.90788848372245,1
411,0.1,280.55808837036045,332.2348348435754,1
412,0.1,283.9017045251942,335.58173566060896,1
413,0.1,287.2656616697349,338.9485917160982,1
414,0.1,290.6494573326272,342.33539423663126,1
415,0.1,294.05281371728734,345.74215556900657,1
416,0.1,297.47644239923596,349.16887602809834,1
417,0.1,300.92045830804216,352.61555465414267,1
418,0.1,300.9035189432912,356.08219147741556,1
419,0.1,307.8676846115183,359.5687879574045,1
420,0.1,311.3712659591259,363.0753369928099,1
421,0.1,314.8953979145981,366.60184247246764,1
422,0.1,318.4387702466326,370.1483047057497,1
423,0.1,322.0022716699075,373.7147246372018,1
424,0.1,325.5861713417528,377.301110939108,1
425,0.1,329.189598069467,380.9074600658252,1
426,0.1,329.21501474648244,384.5337737016985,1
427,0.1,336.45685949260275,388.18005191690867,1
428,0.1,340.12049080573973,391.8462877213583,1
429,0.1,343.80461777761326,395.53248515191007,1
430,0.1,343.7531848491443,399.2386462596662,1
431,0.1,351.2315499966025,402.9647635619522,1
432,0.1,354.975192906085,406.7108458665556,1
433,0.1,358.73866188855175,410.47689715515685,1
434,0.1,362.52228085562757,414.26290982545254,1
435,0.1,366.32596921326524,418.06888755943726,1
436,0.1,370.1496183792934,421.8948375395686,1
437,0.1,373.9933090123076,425.7407506294182,1
438,0.1,377.85683444897603,429.6066320342722,1
439,0.1,381.74065403311624,433.49247865618804,1
440,0.1,385.6440651096219,437.3982947153006,1
441,0.1,389.5676388105556,441.3240835064001,1
442,0.1,393.51115741468,445.269844125826,1
443,0.1,393.5235852213826,449.23557169051577,1
444,0.1,401.4584980463926,453.22126323491915,1
445,0.1,401.43247846243344,457.2269319115299,1
446,0.1,409.4857564612487,461.25257448628616,1
447,0.1,409.4997510451633,465.29816426295423,1
448,0.1,409.5137459495308,469.3636884036706,1
449,0.1,409.5277411743183,473.4490941275209,1
450,0.1,425.77950983036493,477.55410977984,1
451,0.1,425.794641300241,481.67920369951304,1
452,0.1,434.0458461257387,485.82426564505164,1
453,0.1,438.20897639769896,489.98930647322055,1
454,0.1,442.3924877080674,494.17432414587535,1
455,0.1,446.5952888202297,498.37931474208716,1
456,0.1,450.8184763717563,502.604283931949,1
457,0.1,450.8359450614865,506.84923102301974,1
458,0.1,459.32479389321935,511.1141563606126,1
459,0.1,459.3430476469448,515.399056095351,1
460,0.1,459.36130230707363,519.7039273694354,1
461,0.1,472.2344906906297,524.0287595471458,1
462,0.1,476.57734995163577,528.3735718835159,1
463,0.1,480.94045369569403,532.7383653142504,1
464,0.1,485.32362275614315,537.1231349778066,1
465,0.1,489.72681331230405,541.5278821099394,1
466,0.1,494.14984321991045,545.9526066970836,1
467,0.1,494.1711940059678,550.3973135453707,1
468,0.1,503.05605742258615,554.8620017112769,1
469,0.1,503.03897630707564,559.3466714578876,1
470,0.1,512.0423326353904,563.8513230636382,1
471,0.1,516.5653979855897,568.3759532677652,1
472,0.1,521.1085321374999,572.920563015528,1
473,0.1,525.6715909516907,577.4851525573941,1
474,0.1,530.2547456207736,582.0697256477987,1
475,0.1,534.8579071960222,586.6742784851881,1
476,0.1,539.4809942432058,591.2988153222733,1
477,0.1,544.1240417676886,595.9433325832993,1
478,0.1,548.7872007324223,600.6078310492423,1
479,0.1,553.4702852503418,605.2923110346782,1
480,0.1,558.1733571680013,609.9967722091087,1
481,0.1,562.8963900550763,614.7212190994463,1
482,0.1,567.6396507542889,619.4656507946697,1
483,0.1,572.402575471187,624.2300673887928,1
484,0.1,577.185766910316,629.0144693661955,1
485,0.1,577.2141573089755,633.8188538600635,1
486,0.1,586.8118454684278,638.6432184967896,1
487,0.1,591.6550421461361,643.4875699290055,1
488,0.1,596.5180119228221,648.3519039218188,1
489,0.1,601.4012934464524,653.2362252074189,1
490,0.1,606.3041732745513,658.1405329414367,1
491,0.1,611.2272982631882,663.0648273076744,1
492,0.1,611.2388164254526,668.009105771241,1
493,0.1,621.1334587381995,672.9733660147458,1
494,0.1,626.116498299454,677.9576116064509,1
495,0.1,631.1195746388559,682.9618416002434,1
496,0.1,636.1427114439684,687.9860569094509,1
497,0.1,641.1859012514831,693.0302577385949,1
498,0.1,646.2491990891616,698.0944473241356,1
499,0.1,651.3324733085077,703.1786248150694,1
500,0.1,656.4358472382885,708.2827877279157,1
501,0.1,661.559470284857,713.4069397980455,1
502,0.1,666.7027537793302,718.5510796908367,1
503,0.1,671.8663210302691,723.715208526553,1
504,0.1,677.0498508250391,728.8993239897521,1
505,0.1,682.253671688115,734.103426038402,1
506,0.1,687.4771861942914,739.3275101214615,1
507,0.1,692.7208749283385,744.5715850647086,1
508,0.1,697.9846717700981,749.8356470517396,1
509,0.1,703.2686748590705,755.1196991882699,1
510,0.1,708.5723068343887,760.4237404253423,1
511,0.1,708.8853530372944,765.7477693718447,1
512,0.1,709.1983995416604,771.0917846835899,1
513,0.1,724.604119440328,776.4557824247617,1
514,0.1,724.977151468037,781.8397698549732,1
515,0.1,735.3922429864484,787.2437442756266,1
516,0.1,740.8162829692491,792.667708085973,1
517,0.1,746.2603867066466,798.1116626381288,1
518,0.1,746.7134083335819,803.5756059630406,1
519,0.1,757.2088032849471,809.0595370492463,1
520,0.1,762.7130141447435,814.5634580219325,1
521,0.1,768.2372736222695,820.08737025738,1
522,0.1,773.781835991072,825.6312736580107,1
523,0.1,779.3458309230075,831.1951597140769,1
524,0.1,784.9303178831053,836.7790365155201,1
525,0.1,790.5345545335983,842.3828963326778,1
526,0.1,796.1589689085346,848.0067474846423,1
527,0.1,801.8033981774889,853.6505906069063,1
528,0.1,807.4679049470855,859.314425527096,1
529,0.1,813.1523921296098,864.9982523913799,1
530,0.1,818.8568567798791,870.7020712741413,1
531,0.1,824.5813971625372,876.4258822310603,1
532,0.1,830.3260720677587,882.1696853876623,1
533,0.1,836.0906059473242,887.9334731971413,1
534,0.1,841.875160984399,893.7172545163683,1
535,0.1,847.6797953560252,899.5210283007249,1
536,0.1,853.5044532902939,905.3447946607139,1
537,0.1,859.3491341911204,911.1885536872362,1
538,0.1,865.213837475323,917.0523054698468,1
539,0.1,871.0985625723238,922.9360500967783,1
540,0.1,877.0033008648753,928.8397876549633,1
541,0.1,877.916248027787,934.7635169471137,1
542,0.1,878.8291956519828,940.7072373944245,1
543,0.1,894.837656604509,946.6709475574846,1
544,0.1,900.8224796495508,952.654650221493,1
545,0.1,906.8275817660344,958.6583463721178,1
546,0.1,912.8522654364948,964.6820249344594,1
547,0.1,918.8970249746269,970.72569217466,1
548,0.1,924.9619023563174,976.7893536362701,1
549,0.1,931.0468903160483,982.8730076547968,1
550,0.1,937.1517012943483,988.9766529944994,1
551,0.1,943.2766174383329,995.1002913129313,1
552,0.1,949.4215529964545,1001.2439236022161,1
553,0.1,955.5865087675016,1007.4075498486087,1
554,0.1,961.771473828992,1013.5911691090128,1
555,0.1,967.9764521561693,1019.7947815450447,1
556,0.1,969.1893244615471,1026.0183872381158,1
557,0.1,980.4465365207939,1032.26198566529,1
558,0.1,986.711509612767,1038.5255762932288,1
559,0.1,992.9964867227853,1044.8091604513643,1
560,0.1,999.3016230035473,1051.1127382881018,1
561,0.1,1005.626613316289,1057.4363058051717,1
562,0.1,1011.9717149768596,1063.7798672667911,1
563,0.1,1013.3245409995116,1070.143421466437,1
564,0.1,1014.6773676484567,1076.5269678940504,1
565,0.1,1031.1268334501297,1082.9305057922013,1
566,0.1,1037.55192377503,1089.3540386946936,1
567,0.1,1043.9970240603523,1095.7975664744058,1
568,0.1,1050.4623082172136,1102.2610891897077,1
569,0.1,1056.9472663199206,1108.7446043059374,1
570,0.1,1063.4524313879642,1115.2481138019334,1
571,0.1,1069.977510618057,1121.771618386521,1
572,0.1,1076.5227041514138,1128.315118172267,1
573,0.1,1083.0879306672664,1134.878613146989,1
574,0.1,1089.6729771959278,1141.4621032260018,1
575,0.1,1096.2781431912465,1148.065587963486,1
576,0.1,1102.9033159047972,1154.6890673620853,1
577,0.1,1109.548505890525,1161.332541482668,1
578,0.1,1116.2136641481454,1167.9960102599348,1
579,0.1,1122.8988949333186,1174.6794747078766,1
580,0.1,1129.6040756284428,1181.3829347044048,1
581,0.1,1136.3292779560304,1188.1063895716609,1
582,0.1,1143.0744668808595,1194.8498394634905,1
583,0.1,1149.8398119834665,1201.6132851980576,1
584,0.1,1156.6249139801132,1208.3967231312772,1
585,0.1,1163.4301498050772,1215.200156337379,1
586,0.1,1170.25535885316,1222.0235853652118,1
587,0.1,1177.1005925039562,1228.867009589782,1
588,0.1,1183.965812343688,1235.7304292638905,1
589,0.1,1190.851066990422,1242.6138449203795,1
590,0.1,1197.7563104244175,1249.517256014089,1
591,0.1,1204.6815454863752,1256.4406625838405,1
592,0.1,1211.6267941238953,1263.384064553579,1
593,0.1,1218.5920459612303,1270.3474620995328,1
594,0.1,1225.5773008237488,1277.3308552662656,1
595,0.1,1232.5825724466674,1284.3342440978379,1
596,0.1,1239.6078191722784,1291.3576292787056,1
597,0.1,1246.6532147923274,1298.4010101444976,1
598,0.1,1253.7183537208134,1305.4643860044043,1
599,0.1,1260.80362793972,1312.5477583977745,1
600,0.1,1267.9088936760902,1319.6511271983752,1
601,0.1,1275.0341703960805,1326.774492489261,1
602,0.1,1282.1794450605214,1333.9178542615987,1
603,0.1,1289.3448177958142,1341.081212573398,1
604,0.1,1296.5300000023333,1348.2645644448191,1
605,0.1,1303.7352654138263,1355.467913126264,1
606,0.1,1310.9605698193286,1362.6912578626827,1
607,0.1,1313.193174087585,1369.9345988388611,1
608,0.1,1325.4712109695133,1377.1979357787666,1
609,0.1,1332.7564154391816,1384.4812676995248,1
610,0.1,1340.061668856721,1391.784596034312,1
611,0.1,1347.3871050943994,1399.1079206086417,1
612,0.1,1354.7322528058255,1406.4512405279913,1
613,0.1,1362.097606003351,1413.8145573135841,1
614,0.1,1369.4827957869713,1421.197868275399,1
615,0.1,1376.8880994931133,1428.601175779594,1
616,0.1,1384.3133570831417,1436.0244803017436,1
617,0.1,1391.7586380446626,1443.4677812987422,1
618,0.1,1399.2239274947835,1450.9310788509888,1
619,0.1,1406.7092342197789,1458.41437348646,1
620,0.1,1409.2017614961944,1465.917664784017,1
621,0.1,1421.7397683878048,1473.44095255018,1
622,0.1,1429.2850384231635,1480.9842374289651,1
623,0.1,1436.850326068329,1488.5475190007762,1
624,0.1,1444.4355956437153,1496.1307977946224,1
625,0.1,1452.0408733406557,1503.7340733464864,1
626,0.1,1459.6661813478186,1511.357345709673,1
627,0.1,1467.3114336933165,1519.000615386047,1
628,0.1,1469.963910420951,1526.66388235684,1
629,0.1,1482.6620160757132,1534.3471466681456,1
630,0.1,1485.3544881831997,1542.050407952916,1
631,0.1,1498.0925199599171,1549.7736660409578,1
632,0.1,1505.8378252295854,1557.516921070445,1
633,0.1,1513.603067110032,1565.2801735641078,1
634,0.1,1521.3883347741175,1573.063423505423,1
635,0.1,1529.1936011798264,1580.8666709287168,1
636,0.1,1537.018903569117,1588.6899158579654,1
637,0.1,1544.8641599374773,1596.5331579613994,1
638,0.1,1552.7293838898079,1604.3963976076727,1
639,0.1,1560.614644097545,1612.2796344119265,1
640,0.1,1568.519902308791,1620.18286842138,1
641,0.1,1576.445269629805,1628.1060996613874,1
642,0.1,1584.3904194257548,1636.0493284971672,1
643,0.1,1592.3556647992868,1644.012554986566,1
644,0.1,1600.3409215618804,1651.995778774877,1
645,0.1,1608.3462524792305,1659.9990002781144,1
646,0.1,1616.3714087782507,1668.022218313887,1
647,0.1,1624.4166570393322,1676.0654337234794,1
648,0.1,1632.4818974147022,1684.1286469070426,1
649,0.1,1640.5672346512695,1692.2118578834761,1
650,0.1,1648.672371731577,1700.315066618918,1
651,0.1,1656.7976001254601,1708.4382731790622,1
652,0.1,1664.9428314584247,1716.5814772331346,1
653,0.1,1673.108060082018,1724.7446788030652,1
654,0.1,1681.2933351006577,1732.9278779108788,1
655,0.1,1689.4985087619248,1741.131074617887,1
656,0.1,1697.7237289826055,1749.354268892022,1
657,0.1,1705.9689463151371,1757.5974607690252,1
658,0.1,1709.221258837922,1765.8606502699986,1
659,0.1,1722.5193754726615,1774.1438372826722,1
660,0.1,1730.8246296716409,1782.447022289363,1
661,0.1,1739.1497858148798,1790.7702050228468,1
662,0.1,1747.4949882919589,1799.113385455256,1
663,0.1,1755.8601876433613,1807.4765636141515,1
664,0.1,1764.2453838327594,1815.859739519345,1
665,0.1,1772.6506197315157,1824.2629131904525,1
666,0.1,1781.0757684199057,1832.6860842393537,1
667,0.1,1789.5209545502014,1841.1292533871922,1
668,0.1,1797.9861357770299,1849.5924206788998,1
669,0.1,1806.4713547470124,1858.075585826138,1
670,0.1,1814.9764917942125,1866.5787475529187,1
671,0.1,1823.501663787493,1875.101907100143,1
672,0.1,1827.0338988782048,1883.6450645452744,1
673,0.1,1840.611997421619,1892.208219793976,1
674,0.1,1849.197159024959,1900.7913729705651,1
675,0.1,1857.8023624351758,1909.3945243853543,1
676,0.1,1866.427471646879,1918.0176738005607,1
677,0.1,1875.0726678201727,1926.6608212134674,1
678,0.1,1883.7378074977748,1935.3239669125717,1
679,0.1,1892.4229137690165,1944.0071094689022,1
680,0.1,1896.1151059564434,1952.7102502649545,1
681,0.1,1909.8531899974998,1961.4333894131753,1
682,0.1,1918.5983664534695,1970.1765266532416,1
683,0.1,1927.3634881064543,1978.9396622490367,1
684,0.1,1936.1485766707126,1987.7227948368507,1
685,0.1,1944.9536973119275,1996.5259254662014,1
686,0.1,1953.7788125745947,2005.3490542307288,1
687,0.1,1962.623967892096,2014.1921814028522,1
688,0.1,1971.4890771313026,2023.0553067671185,1
689,0.1,1980.3741410971338,2031.9384303352033,1
690,0.1,1989.2792842725876,2040.8415523687486,1
691,0.1,1998.2043414594318,2049.7646726406497,1
692,0.1,2007.1494371215363,2058.707791402826,1
693,0.1,2016.114568286601,2067.6709084283502,1
694,0.1,2025.0996137878783,2076.6540239534784,1
695,0.1,2034.104697179632,2085.6571380172777,1
696,0.1,2043.1298128082396,2094.680250627906,1
697,0.1,2052.174893090108,2103.723361246369,1
698,0.1,2061.2399257889506,2112.786470385195,1
699,0.1,2070.324992007433,2121.8695778781635,1
700,0.1,2079.430095904136,2130.972683941994,1
701,0.1,2088.555118184409,2140.095788613148,1
702,0.1,2097.7001746941764,2149.238891679577,1
703,0.1,2106.865225075293,2158.401993125326,1
704,0.1,2116.0503123576646,2167.585093187637,1
705,0.1,2125.255354516625,2176.7881919028496,1
706,0.1,2134.480358821116,2186.011288774868,1
707,0.1,2143.7253953840122,2195.2543842674004,1
708,0.1,2152.9904669237258,2204.517478446617,1
709,0.1,2157.2625188461825,2213.8005701753377,1
710,0.1,2171.5805184080978,2223.1036590690514,1
711,0.1,2180.9054995452116,2232.4267454044016,1
712,0.1,2190.250545969019,2241.7698301370274,1
713,0.1,2199.61551818686,2251.1329135794836,1
714,0.1,2209.0005234984587,2260.5159957802034,1
715,0.1,2218.4055287421593,2269.919076742739,1
716,0.1,2227.8305262098684,2279.3421562755857,1
717,0.1,2237.2755154170495,2288.7852343615446,1
718,0.1,2246.740508837266,2298.248311210272,1
719,0.1,2256.225523609565,2307.731386664486,1
720,0.1,2265.7305142431323,2317.234460897482,1
721,0.1,2275.255451972549,2326.7575329157994,1
722,0.1,2284.80049614788,2336.300603442387,1
723,0.1,2294.365391785951,2345.86367216426,1
724,0.1,2303.9503901365606,2355.4467394638473,1
725,0.1,2313.5553087379576,2365.0498051558397,1
726,0.1,2323.18026350883,2374.672869652401,1
727,0.1,2332.8252197351135,2384.315933027855,1
728,0.1,2342.490166523012,2393.978995109474,1
729,0.1,2352.1751034504478,2403.662055876201,1
730,0.1,2361.8800419453496,2413.365115516981,1
731,0.1,2371.6049821816346,2423.088174072443,1
732,0.1,2381.349983091568,2432.831231375298,1
733,0.1,2391.114853285652,2442.5942870092263,1
734,0.1,2400.899760212444,2452.3773412990804,1
735,0.1,2405.691686200782,2462.1803943663463,1
736,0.1,2420.5295909579827,2472.003446130067,1
737,0.1,2430.374517906612,2481.8464966493266,1
738,0.1,2440.2394158440356,2491.70954610412,1
739,0.1,2450.1243561885076,2501.5925943583457,1
740,0.1,2460.029196243627,2511.4956415573956,1
741,0.1,2469.9541452103954,2521.418687761454,1
742,0.1,2479.8990251272608,2531.361732926655,1
743,0.1,2489.8638758138095,2541.324776729754,1
744,0.1,2499.8487420927304,2551.3078193023734,1
745,0.1,2509.8536366389594,2561.3108609013907,1
746,0.1,2519.8784901902222,2571.333901530055,1
747,0.1,2529.923358229119,2581.376941208834,1
748,0.1,2539.9882388436295,2591.4399799378516,1
749,0.1,2550.073082346569,2601.5230177184962,1
750,0.1,2560.1779478259214,2611.626054570841,1
751,0.1,2570.302804896111,2621.7490903179146,1
752,0.1,2580.4476439262016,2631.8921251344173,1
753,0.1,2590.6125337565563,2642.0551588915487,1
754,0.1,2600.7973342907603,2652.238191355976,1
755,0.1,2611.0021630953624,2662.4412228493443,1
756,0.1,2621.2269937554497,2672.6642532838446,1
757,0.1,2631.471868302626,2682.907282656447,1
758,0.1,2641.7366480503842,2693.170310798136,1
759,0.1,2652.021466039129,2703.45333799631,1
760,0.1,2662.3262744327126,2713.7563643278545,1
761,0.1,2672.6510815655824,2724.0793896380383,1
762,0.1,2682.9958935409413,2734.4224140882698,1
763,0.1,2693.360696009336,2744.7854375486386,1
764,0.1,2703.7454898487217,2755.1684599969585,1
765,0.1,2714.1502883927483,2765.5714814167186,1
766,0.1,2724.5750785266455,2775.9945018627845,1
767,0.1,2735.0198639304417,2786.4375214503057,1
768,0.1,2745.4846398407726,2796.9005402209727,1
769,0.1,2755.9694227220352,2807.383558026925,1
770,0.1,2766.4741982414243,2817.886575015409,1
771,0.1,2776.998962752619,2828.409591075548,1
772,0.1,2787.5437341230154,2838.952606313279,1
773,0.1,2798.108490493809,2849.5156206309935,1
774,0.1,2808.6932441172366,2860.0986341380635,1
775,0.1,2819.2980022785673,2870.7016467147414,1
776,0.1,2829.922746824348,2881.324658513953,1
777,0.1,2840.567497495442,2891.9676693957645,1
778,0.1,2851.2322864232106,2902.6306795048176,1
779,0.1,2861.916970847579,2913.313688528565,1
780,0.1,2872.621711284734,2924.016696623206,1
781,0.1,2883.3464380545493,2934.7397039653465,1
782,0.1,2894.091163266671,2945.482710563866,1
783,0.1,2904.8558797372166,2956.2457164286275,1
784,0.1,2915.6406062830833,2967.028721424346,1
785,0.1,2926.4453105791654,2977.831725687561,1
786,0.1,2937.2700346989163,2988.6547290892568,1
787,0.1,2948.114725480526,2999.4977316458067,1
788,0.1,2958.9794269486465,3010.360733325574,1
789,0.1,2969.864128864864,3021.243734151031,1
790,0.1,2980.7688296103483,3032.146734262997,1
791,0.1,2991.693512024566,3043.0697336859803,1
792,0.1,3002.638205904196,3054.0127324161213,1
793,0.1,3013.6028754223858,3064.9757304669324,1
794,0.1,3024.5875535234127,3075.958727702195,1
795,0.1,3035.5922318098847,3086.961724115939,1
796,0.1,3046.616958232563,3097.9847198440025,1
797,0.1,3057.6616043181375,3109.027714878837,1
798,0.1,3068.7262267155897,3120.0907089550315,1
799,0.1,3079.8108851039688,3131.1737022064217,1
800,0.1,3090.9155395558128,3142.2766946620764,1
801,0.1,3102.040205706445,3153.3996863270227,1
802,0.1,3113.1848402814403,3164.542677336077,1
803,0.1,3124.3494831306853,3175.705667703229,1
804,0.1,3135.534122208864,3186.8886574355274,1
805,0.1,3146.7387575223606,3198.0916465372943,1
806,0.1,3157.963420689152,3209.3146350128163,1
807,0.1,3169.2080585958647,3220.557622586812,1
808,0.1,3180.47265448251,3231.8206091197003,1
809,0.1,3191.757256451648,3243.103594983597,1
810,0.1,3203.0618722596387,3254.406580115867,1
811,0.1,3214.386487099307,3265.7295645061226,1
812,0.1,3225.7310952247994,3277.072548277294,1
813,0.1,3232.0827346442798,3288.435531450903,1
814,0.1,3248.480300350549,3299.8185140340165,1
815,0.1,3259.884894597214,3311.221496027883,1
816,0.1,3271.309490555032,3322.6444773204535,1
817,0.1,3282.7540774256777,3334.0874580134728,1
818,0.1,3294.2186657614975,3345.5504380143175,1
819,0.1,3305.703247789439,3357.0334174231207,1
820,0.1,3317.207823677321,3368.5363962616952,1
821,0.1,3328.7323983553156,3380.0593744214893,1
822,0.1,3340.276971542179,3391.602351888727,1
823,0.1,3351.8415639408186,3403.165328778605,1
824,0.1,3363.426170602609,3414.7483048601107,1
825,0.1,3375.0306591228823,3426.351280020322,1
826,0.1,3386.6552146749186,3437.974254454608,1
827,0.1,3398.299792593954,3449.6172282175016,1
828,0.1,3409.9643358333665,3461.280201173493,1
829,0.1,3421.648858712834,3472.9631735505313,1
830,0.1,3433.3534011898673,3484.6661452863495,1
831,0.1,3445.077938118398,3496.3891164730053,1
832,0.1,3456.8224696518537,3508.132087132802,1
833,0.1,3463.5740509652574,3519.895057164381,1
834,0.1,3480.3715680074893,3531.6780265233024,1
835,0.1,3492.1760946720115,3543.4809950136496,1
836,0.1,3504.0005676205333,3555.303962911417,1
837,0.1,3515.8450825152004,3567.146930294589,1
838,0.1,3527.709593877803,3579.0098971710954,1
839,0.1,3539.5941002668487,3590.892863544224,1
840,0.1,3551.4986270155573,3602.79582931654,1
841,0.1,3563.4231052588552,3614.7187945747914,1
842,0.1,3575.3676037212404,3626.6617592395282,1
843,0.1,3582.3191579327495,3638.624723394349,1
844,0.1,3599.316587404598,3650.607687064362,1
845,0.1,3611.321072791745,3662.6106502506223,1
846,0.1,3623.34557984003,3674.6336128583225,1
847,0.1,3635.390058201053,3686.67657487963,1
848,0.1,3647.4545126307994,3698.7395364083222,1
849,0.1,3659.5390030799203,3710.8224974650107,1
850,0.1,3671.643471697056,3722.925457552739,1
851,0.1,3683.767918405922,3735.0484165738176,1
852,0.1,3695.9123981011126,3747.191375027735,1
853,0.1,3708.076854638653,3759.3543328059413,1
854,0.1,3720.2612904000284,3771.5372895926225,1
855,0.1,3732.465758639036,3783.740245820311,1
856,0.1,3744.6902049093696,3795.9632013847886,1
857,0.1,3756.9346295184487,3808.206156243988,1
858,0.1,3769.199068850189,3820.4691106111854,1
859,0.1,3781.4835045040145,3832.752064535563,1
860,0.1,3793.787995139618,3845.0550179301094,1
861,0.1,3806.1123833408137,3857.3779700270434,1
862,0.1,3818.456830400092,3869.720921297544,1
863,0.1,3830.8212113980335,3882.0838720730785,1
864,0.1,3843.205629289107,3894.4668224172115,1
865,0.1,3855.610066037118,3906.869772247869,1
866,0.1,3868.0344547589716,3919.2927215509753,1
867,0.1,3880.4788796784655,3931.7356703302344,1
868,0.1,3892.9432663456055,3944.1986184722427,1
869,0.1,3905.427667085914,3956.6815661518085,1
870,0.1,3917.9320820956227,3969.184513418253,1
871,0.1,3930.4564586844003,3981.7074598277427,1
872,0.1,3937.987938571518,3994.2504056401895,1
873,0.1,3955.565235439367,4006.8133509203776,1
874,0.1,3968.149640558268,4019.396295771433,1
875,0.1,3980.7539994090143,4031.9992401414115,1
876,0.1,3993.378376449493,4044.6221840979597,1
877,0.1,4006.0227507777086,4057.2651276590404,1
878,0.1,4018.6871213381537,4069.92807074579,1
879,0.1,4031.371488585819,4082.611013340459,1
880,0.1,4044.0758690951525,4095.3139554459035,1
881,0.1,4056.80021310244,4108.036896959681,1
882,0.1,4069.5445703316113,4120.779837963923,1
883,0.1,4082.3089601302677,4133.542778487426,1
884,0.1,4095.093274086817,4146.32571859558,1
885,0.1,4107.897621609515,4159.128658325961,1
886,0.1,4120.721966876229,4171.951597682331,1
887,0.1,4133.566308060357,4184.794536589554,1
888,0.1,4146.430646006046,4197.65747502962,1
889,0.1,4159.315000108752,4210.540413005218,1
890,0.1,4172.219311184816,4223.443350595042,1
891,0.1,4185.143658644839,4236.366287823766,1
892,0.1,4198.087965857848,4249.309224616192,1
893,0.1,4211.052286863007,4262.2721609607715,1
894,0.1,4224.036606841693,4275.255096928545,1
895,0.1,4237.040921503486,4288.25803246792,1
896,0.1,4250.065235287125,4301.280967634811,1
897,0.1,4263.109544830751,4314.323902378357,1
898,0.1,4276.1738691003375,4327.386836680529,1
899,0.1,4289.258153253045,4340.469770616304,1
900,0.1,4302.362454710138,4353.572704210254,1
901,0.1,4315.486750567129,4366.695637390694,1
902,0.1,4328.631044620299,4379.838570211266,1
903,0.1,4341.795335647463,4393.001502694505,1
904,0.1,4354.979624977129,4406.184434842413,1
905,0.1,4363.17103664538,4419.387366586336,1
906,0.1,4371.362453839118,4432.610297889593,1
907,0.1,4394.652469058133,4445.853228726548,1
908,0.1,4407.916746231652,4459.116159204321,1
909,0.1,4421.201033171753,4472.399089287592,1
910,0.1,4429.492436776942,4485.7020189559,1
911,0.1,4447.829554908265,4499.024948200256,1
912,0.1,4456.160953396161,4512.367877038934,1
913,0.1,4464.4923574332,4525.730805453726,1
914,0.1,4472.823766988375,4539.11373341991,1
915,0.1,4501.326605113739,4552.516660906528,1
916,0.1,4514.750840075975,4565.939588041262,1
917,0.1,4528.195109802327,4579.382514867496,1
918,0.1,4541.659335249101,4592.845441030339,1
919,0.1,4555.143589274772,4606.328366720576,1
920,0.1,4568.647814543129,4619.8312920170265,1
921,0.1,4582.17205066105,4633.354216997681,1
922,0.1,4595.716285667421,4646.897141677057,1
923,0.1,4609.280527112264,4660.460065992367,1
924,0.1,4622.864754280036,4674.0429899221335,1
925,0.1,4636.468988385948,4687.645913475709,1
926,0.1,4650.093187203425,4701.26883637961,1
927,0.1,4663.7374054584725,4714.911758892075,1
928,0.1,4677.40164190269,4728.574681113577,1
929,0.1,4691.085835203418,4742.2576028992635,1
930,0.1,4704.790056161991,4755.960524290706,1
931,0.1,4718.51425143169,4769.683445375405,1
932,0.1,4732.258453317947,4783.426366115905,1
933,0.1,4746.022654315114,4797.189286554022,1
934,0.1,4759.806863019093,4810.972206711193,1
935,0.1,4773.6110498321805,4824.7751265238385,1
936,0.1,4787.435240401934,4838.598045985537,1
937,0.1,4801.27943208349,4852.440965151403,1
938,0.1,4815.143619004506,4866.303883982542,1
939,0.1,4829.02780103922,4880.186802461288,1
940,0.1,4842.931991463144,4894.089720649026,1
941,0.1,4856.85616285131,4908.012638503009,1
942,0.1,4870.800338557274,4921.955556017291,1
943,0.1,4884.764509372976,4935.9184731865735,1
944,0.1,4893.735853130348,4949.901390071104,1
945,0.1,4912.752849023522,4963.904306693199,1
946,0.1,4921.764190636011,4977.927222995703,1
947,0.1,4940.821183129606,4991.970138945641,1
948,0.1,4954.885342040549,5006.0330546110235,1
949,0.1,4968.969498269182,5020.11597001906,1
950,0.1,4983.0736496957525,5034.218885171144,1
951,0.1,4997.197802638614,5048.341800008248,1
952,0.1,5011.341948730242,5062.484714578268,1
953,0.1,5025.5060900889375,5076.647628836528,1
954,0.1,5039.690233064475,5090.830542775589,1
955,0.1,5053.894371239075,5105.03345639054,1
956,0.1,5063.105697468178,5119.25636973849,1
957,0.1,5082.362649008331,5133.499282840992,1
958,0.1,5096.62681832582,5147.76219563861,1
959,0.1,5110.9109444728665,5162.0451080441335,1
960,0.1,5125.215032480091,5176.34802016375,1
961,0.1,5139.53915672799,5190.670932037736,1
962,0.1,5153.883310387894,5205.0138436715315,1
963,0.1,5168.247403208748,5219.376754882902,1
964,0.1,5182.631515496372,5233.759665809828,1
965,0.1,5197.0356291514145,5248.162576448352,1
966,0.1,5211.4597401701,5262.585486780352,1
967,0.1,5225.903848559543,5277.028396807425,1
968,0.1,5240.3679522775765,5291.491306531163,1
969,0.1,5254.852057508832,5305.974216005557,1
970,0.1,5269.356156033372,5320.477125197923,1
971,0.1,5278.867461788353,5335.000034143546,1
972,0.1,5288.37877316552,5349.542942863087,1
973,0.1,5312.988444440234,5364.105851359291,1
974,0.1,5327.572533043487,5378.688759574942,1
975,0.1,5342.1766223873665,5393.2916675548,1
976,0.1,5356.8007083447865,5407.9145752558525,1
977,0.1,5371.444791167486,5422.557482672682,1
978,0.1,5386.108869361757,5437.22038980108,1
979,0.1,5400.792947110912,5451.903296692744,1
980,0.1,5415.497022387843,5466.606203366682,1
981,0.1,5430.221095199132,5481.329109824063,1
982,0.1,5444.965191703352,5496.07201606605,1
983,0.1,5459.72923528864,5510.834922081135,1
984,0.1,5474.513298462769,5525.617827880624,1
985,0.1,5489.317390618749,5540.420733414867,1
986,0.1,5504.141423400979,5555.2436386031195,1
987,0.1,5518.985479182378,5570.086543548846,1
988,0.1,5533.849537560472,5584.949448233162,1
989,0.1,5548.733589144301,5599.832352649057,1
990,0.1,5563.637664901753,5614.7352568397755,1
991,0.1,5578.561742327808,5629.658160813931,1
992,0.1,5593.505731040094,5644.601064557421,1
993,0.1,5608.469774134733,5659.563968035386,1
994,0.1,5623.453817102901,5674.546871246023,1
995,0.1,5638.457853019343,5689.5497742429225,1
996,0.1,5653.481888861829,5704.572676987256,1
997,0.1,5663.513164988374,5719.6155794678825,1
998,0.1,5673.54444674185,5734.678481673845,1
999,0.1,5683.575734092464,5749.7613835883485,1
1000,0.1,5693.607027010632,5764.864285190928,1
1001,0.1,5728.9020348029435,5779.987184594502,1
1002,0.1,5744.046048274406,5795.130082567777,1
1003,0.1,5754.197314437946,5810.292978200324,1
1004,0.1,5774.394074630774,5825.475870396053,1
1005,0.1,5784.5853315250115,5840.678759613662,1
1006,0.1,5804.822072466506,5855.901645372863,1
1007,0.1,5820.06606763803,5871.144526852862,1
1008,0.1,5835.330048732539,5886.407403747845,1
1009,0.1,5850.61402859691,5901.69027425935,1
1010,0.1,5865.917993341264,5916.993139141095,1
1011,0.1,5881.241954158447,5932.315996949307,1
1012,0.1,5896.585904647954,5947.658845486034,1
1013,0.1,5911.949863131198,5963.021685816465,1
1014,0.1,5927.333768599761,5978.404517152416,1
1015,0.1,5942.737684772273,5993.8073362702535,1
1016,0.1,5958.161604512076,6009.2301431159,1
1017,0.1,5973.605461897728,6024.672933208729,1
1018,0.1,5989.069323255525,6040.13570601511,1
1019,0.1,6004.553165825811,6055.618460817612,1
1020,0.1,6020.056987257018,6071.121198284919,1
1021,0.1,6035.580788661151,6086.643917702647,1
1022,0.1,6051.124567302717,6102.186615385237,1
1023,0.1,6066.688311459462,6117.749289024652,1
1024,0.1,6082.272038658876,6133.331940767561,1
1025,0.1,6097.875744562848,6148.934570300033,1
1026,0.1,6113.499438208028,6164.557173562308,1
1027,0.1,6129.143070242898,6180.199752965445,1
1028,0.1,6144.80668401876,6195.862303416875,1
1029,0.1,6160.490270522256,6211.544824119169,1
1030,0.1,6176.193824454015,6227.247314157922,1
1031,0.1,6191.917386786235,6242.969771680305,1
1032,0.1,6207.660849413321,6258.712188723207,1
1033,0.1,6218.411598146322,6274.47456849216,1
1034,0.1,6239.2076663446815,6290.2569088194505,1
1035,0.1,6255.011011847091,6306.0592100328895,1
1036,0.1,6270.834332032194,6321.881469290261,1
1037,0.1,6286.677590671101,6337.723685722214,1
1038,0.1,6297.528137612617,6353.585855830909,1
1039,0.1,6318.423980435546,6369.4679735653,1
1040,0.1,6334.32708824971,6385.370040701265,1
1041,0.1,6350.250150569188,6401.29205805497,1
1042,0.1,6366.193153356464,6417.234025827767,1
1043,0.1,6382.156107181199,6433.195940281373,1
1044,0.1,6398.139017316042,6449.1778004194775,1
1045,0.1,6414.141853937207,6465.1796059807475,1
1046,0.1,6430.164632812451,6481.201357177174,1
1047,0.1,6446.207345511804,6497.243052322243,1
1048,0.1,6462.270068070778,6513.304682811888,1
1049,0.1,6478.352617012,6529.386249300875,1
1050,0.1,6494.455121183117,6545.48775415286,1
1051,0.1,6510.577588055662,6561.6092040702715,1
1052,0.1,6526.720000046014,6577.750601184327,1
1053,0.1,6542.882363996316,6593.911945345221,1
1054,0.1,6554.052019866258,6610.093234239397,1
1055,0.1,6575.266905112502,6626.294463376188,1
1056,0.1,6591.489078567262,6642.515640527462,1
1057,0.1,6607.731207987869,6658.756765389228,1
1058,0.1,6623.993292954982,6675.0178365474685,1
1059,0.1,6635.262671063694,6691.29885165993,1
1060,0.1,6656.577243755587,6707.599806133479,1
1061,0.1,6672.899137943711,6723.920707845884,1
1062,0.1,6689.2409949925595,6740.2615600836725,1
1063,0.1,6700.59014903308,6756.622359165243,1
1064,0.1,6721.984496450999,6773.003100526207,1
1065,0.1,6738.386172226587,6789.403789537429,1
1066,0.1,6749.795158910867,6805.824433904541,1
1067,0.1,6771.249363921109,6822.265033472809,1
1068,0.1,6787.7109101546985,6838.725587419855,1
1069,0.1,6804.192370125241,6855.206094300278,1
1070,0.1,6820.693798956895,6871.706554828108,1
1071,0.1,6837.215186154309,6888.226972667402,1
1072,0.1,6853.756515642817,6904.76734765823,1
1073,0.1,6870.317808153617,6921.3276823913275,1
1074,0.1,6886.899060721897,6937.907977979175,1
1075,0.1,6898.487642373989,6954.508232402072,1
1076,0.1,6920.121423584523,6971.128442427902,1
1077,0.1,6936.762540144407,6987.768614396894,1
1078,0.1,6953.423625970444,7004.428751054596,1
1079,0.1,6970.104665547061,7021.108855208237,1
1080,0.1,6986.805674747978,7037.808927906984,1
1081,0.1,7003.526657219944,7054.528966152558,1
1082,0.1,7020.26757759266,7071.268973309305,1
1083,0.1,7037.028484616052,7088.028949429355,1
1084,0.1,7053.809352980106,7104.808896528787,1
1085,0.1,7070.6101858781785,7121.608812860684,1
1086,0.1,7087.430988783359,7138.428700019055,1
1087,0.1,7104.271790522591,7155.268559037798,1
1088,0.1,7121.132502991383,7172.128388754496,1
1089,0.1,7138.013207602693,7189.008189747891,1
1090,0.1,7154.913896342083,7205.907965011764,1
1091,0.1,7171.83453415048,7222.827713980356,1
1092,0.1,7188.775154859757,7239.767437518869,1
1093,0.1,7205.735761339473,7256.727138669606,1
1094,0.1,7222.716316832436,7273.706820681083,1
1095,0.1,7239.716878738416,7290.70648216188,1
1096,0.1,7256.7374023666225,7307.726120626179,1
1097,0.1,7273.777891156133,7324.765735403302,1
1098,0.1,7290.838362804294,7341.825332363401,1
1099,0.1,7307.918799548177,7358.9049094946795,1
1100,0.1,7325.019240538347,7376.004467194177,1
1101,0.1,7342.139631826361,7393.12400726962,1
1102,0.1,7359.280017825599,7410.2635325296915,1
1103,0.1,7376.4403881907665,7427.423044003769,1
1104,0.1,7393.6207477128555,7444.60254165786,1
1105,0.1,7410.821080335425,7461.802028013073,1
1106,0.1,7428.04141498894,7479.021505155691,1
1107,0.1,7445.281701677513,7496.26096994595,1
1108,0.1,7462.542005768727,7513.520423349429,1
1109,0.1,7479.8222922604855,7530.7998689747055,1
1110,0.1,7497.1225468000275,7548.099304739459,1
1111,0.1,7514.442797883707,7565.418730865517,1
1112,0.1,7531.783041053835,7582.75814872241,1
1113,0.1,7549.143274971797,7600.117559466181,1
1114,0.1,7566.523500992995,7617.496963492579,1
1115,0.1,7583.92371439509,7634.896359888924,1
1116,0.1,7601.343913047936,7652.315751580061,1
1117,0.1,7618.784105601228,7669.755139509512,1
1118,0.1,7636.244300545181,7687.214523336065,1
1119,0.1,7653.724473237265,7704.693902569692,1
1120,0.1,7671.224668255135,7722.193277442682,1
1121,0.1,7688.7448192277625,7739.712648627756,1
1122,0.1,7706.284973225437,7757.252018250482,1
1123,0.1,7723.845127883181,7774.811387332996,1
1124,0.1,7741.425281865179,7792.3907554431335,1
1125,0.1,7759.025421882328,7809.990122005398,1
1126,0.1,7776.645569999925,7827.609487587874,1
1127,0.1,7794.285703630434,7845.2488528530075,1
1128,0.1,7811.945851054284,7862.908218249248,1
1129,0.1,7829.625978207371,7880.587583420861,1
1130,0.1,7847.326105058024,7898.286948726296,1
1131,0.1,7865.046243731157,7916.006314628853,1
1132,0.1,7882.786353799145,7933.745681411035,1
1133,0.1,7900.546483405699,7951.505049240271,1
1134,0.1,7918.326595263338,7969.284417801763,1
1135,0.1,7936.1267182820875,7987.0837872535185,1
1136,0.1,7953.946851164943,8004.903157880496,1
1137,0.1,7971.786944225295,8022.742529453323,1
1138,0.1,7984.634486491705,8040.601902290072,1
1139,0.1,8007.527175627888,8058.481276273974,1
1140,0.1,8025.42727788605,8076.380651574926,1
1141,0.1,8043.347386232498,8094.300027734556,1
1142,0.1,8061.287493427772,8112.239404818741,1
1143,0.1,8079.247599250665,8130.198782291237,1
1144,0.1,8097.227703344069,8148.178160413486,1
1145,0.1,8115.227817127324,8166.177538127238,1
1146,0.1,8133.247895269948,8184.196914234387,1
1147,0.1,8151.287990644794,8202.236289920806,1
1148,0.1,8169.348074607895,8220.295664048694,1
1149,0.1,8187.428182421375,8238.37503722105,1
1150,0.1,8205.528247095006,8256.474409833178,1
1151,0.1,8223.64832008736,8274.593779521483,1
1152,0.1,8241.788391576467,8292.733145615752,1
1153,0.1,8259.948455114452,8310.892508840183,1
1154,0.1,8278.128517386163,8329.071868610394,1
1155,0.1,8296.32857263252,8347.271224665921,1
1156,0.1,8314.548637015863,8365.490575498452,1
1157,0.1,8332.788662100966,8383.72991961488,1
1158,0.1,8351.048696044068,8401.98925856475,1
1159,0.1,8369.328719333893,8420.268591980814,1
1160,0.1,8387.62874226138,8438.567918871095,1
1161,0.1,8405.948745447486,8456.887237151519,1
1162,0.1,8424.288739061049,8475.226544949768,1
1163,0.1,8442.648722666989,8493.585843006116,1
1164,0.1,8456.016165375571,8511.965131659474,1
1165,0.1,8479.428657326953,8530.364409455871,1
1166,0.1,8497.848605242832,8548.783675152841,1
1167,0.1,8516.288541418706,8567.22292705099,1
1168,0.1,8534.748473416306,8585.68216362297,1
1169,0.1,8553.228360615569,8604.16138016021,1
1170,0.1,8571.728226563378,8622.660576714188,1
1171,0.1,8590.248083727747,8641.179754841607,1
1172,0.1,8608.787923260219,8659.718914816203,1
1173,0.1,8627.347736335847,8678.278056531562,1
1174,0.1,8645.927532875268,8696.857177089809,1
1175,0.1,8664.52730158137,8715.456274179205,1
1176,0.1,8683.147059668274,8734.07534723787,1
1177,0.1,8701.786783592066,8752.714397921703,1
1178,0.1,8720.44646712698,8771.373419752632,1
1179,0.1,8734.11363355133,8790.052415216906,1
1180,0.1,8747.780805219181,8808.751383180004,1
1181,0.1,8776.545393548087,8827.470318823533,1
1182,0.1,8795.284971573377,8846.209225933948,1
1183,0.1,8814.044512219805,8864.968102298435,1
1184,0.1,8832.82403316851,8883.746944806964,1
1185,0.1,8851.623509878125,8902.545756262109,1
1186,0.1,8870.442961551476,8921.364534307342,1
1187,0.1,8889.28238653514,8940.203277428238,1
1188,0.1,8908.141758758535,8959.06198761917,1
1189,0.1,8922.00862506311,8977.940659534568,1
1190,0.1,8945.920405657283,8996.839286098124,1
1191,0.1,8964.839665535541,9015.757869902396,1
1192,0.1,8983.778889847401,9034.696412517758,1
1193,0.1,9002.738062312701,9053.654916110978,1
1194,0.1,9021.717209956318,9072.633377406057,1
1195,0.1,9040.71628645408,9091.63178943618,1
1196,0.1,9059.735331177933,9110.650152575348,1
1197,0.1,9078.77433136535,9129.688470199091,1
1198,0.1,9097.833262795846,9148.74673126408,1
1199,0.1,9116.912150059597,9167.824938336687,1
1200,0.1,9136.0109855232,9186.923091389957,1
1201,0.1,9155.129770628759,9206.041191834898,1
1202,0.1,9174.268494523463,9225.17923774272,1
1203,0.1,9193.427169087989,9244.337225841246,1
1204,0.1,9212.60578633743,9263.515152125387,1
1205,0.1,9231.80432571731,9282.713009941797,1
1206,0.1,9246.010364110423,9301.930805053584,1
1207,0.1,9270.26122744394,9321.168534466044,1
1208,0.1,9289.51958618391,9340.426196402934,1
1209,0.1,9308.79786534958,9359.703787746987,1
1210,0.1,9328.096102618938,9379.001310068477,1
1211,0.1,9347.414236107883,9398.318766419823,1
1212,0.1,9366.752322557299,9417.656155259147,1
1213,0.1,9386.110340063658,9437.013469976122,1
1214,0.1,9405.488286493968,9456.390713447377,1
1215,0.1,9424.886171093518,9475.787887588827,1
1216,0.1,9444.303964900317,9495.204984300173,1
1217,0.1,9463.741679156208,9514.641996465427,1
1218,0.1,9483.199324077397,9534.098928058911,1
1219,0.1,9502.676891155179,9553.575784520672,1
1220,0.1,9522.174383876389,9573.072566911242,1
1221,0.1,9541.691799402874,9592.589269151595,1
1222,0.1,9561.229133313167,9612.125888469882,1
1223,0.1,9580.786384627185,9631.682420856747,1
1224,0.1,9595.351144994509,9651.258868022114,1
1225,0.1,9619.96063668845,9670.855223217526,1
1226,0.1,9639.577626467115,9690.471480612052,1
1227,0.1,9659.214526960814,9710.10765247759,1
1228,0.1,9678.871327550643,9729.763738158597,1
1229,0.1,9698.54805065757,9749.439730916907,1
1230,0.1,9718.244688232835,9769.135634960216,1
1231,0.1,9737.96124146124,9788.851452536137,1
1232,0.1,9757.697716294155,9808.587183241883,1
1233,0.1,9777.454106490519,9828.342824192629,1
1234,0.1,9797.230373049308,9848.118359225313,1
1235,0.1,9812.01416649966,9867.913788420865,1
1236,0.1,9826.79796516923,9887.72910358628,1
1237,0.1,9856.678536742897,9907.5642864432,1
1238,0.1,9876.534368253615,9927.419358699482,1
1239,0.1,9896.410095264064,9947.29433841991,1
1240,0.1,9911.29335805656,9967.189221468092,1
1241,0.1,9926.176625902837,9987.103994893994,1
1242,0.1,9941.059898780197,10007.038642048525,1
1243,0.1,9976.11194644829,10026.993142181827,1
1244,0.1,9996.087100275607,10046.967528979014,1
1245,0.1,10011.069787027887,10066.961815711773,1
1246,0.1,10036.097103458207,10086.975990127132,1
1247,0.1,10051.11957844637,10107.010057362897,1
1248,0.1,10076.18667585718,10127.064011179615,1
1249,0.1,10096.261304353977,10147.137856773848,1
1250,0.1,10116.355814464992,10167.231595334548,1
1251,0.1,10136.47023331628,10187.34523208635,1
1252,0.1,10156.60456660478,10207.478769633115,1
1253,0.1,10176.758785434535,10227.632210209793,1
1254,0.1,10196.932920638943,10247.805558568234,1
1255,0.1,10217.126970550762,10267.99881606025,1
1256,0.1,10237.340920952285,10288.211979602114,1
1257,0.1,10257.574788299662,10308.445050231612,1
1258,0.1,10277.828560036347,10328.698032659913,1
1259,0.1,10298.102250376078,10348.97092427368,1
1260,0.1,10318.395858725366,10369.263726848276,1
1261,0.1,10338.709363241856,10389.576444337568,1
1262,0.1,10359.04279139822,10409.909070886335,1
1263,0.1,10379.396143534479,10430.261607118471,1
1264,0.1,10399.769372387624,10450.634046178811,1
1265,0.1,10420.162518935842,10471.02638807608,1
1266,0.1,10440.575580576337,10491.438638357029,1
1267,0.1,10461.008546688156,10511.8708010984,1
1268,0.1,10476.449081667419,10532.322874427828,1
1269,0.1,10501.934216161293,10552.794848772395,1
1270,0.1,10522.426908608051,10573.286728003508,1
1271,0.1,10542.93951789061,10593.798515305316,1
1272,0.1,10563.472034402535,10614.330219507756,1
1273,0.1,10584.024468942991,10634.881844474497,1
1274,0.1,10599.58448350586,10655.453383202346,1
1275,0.1,10625.189076778815,10676.044823495802,1
1276,0.1,10645.801249448205,10696.65617369381,1
1277,0.1,10666.43333748223,10717.287449499356,1
1278,0.1,10687.08536302589,10737.93865155479,1
1279,0.1,10707.757316784453,10758.609781520649,1
1280,0.1,10728.44919631041,10779.300846763805,1
1281,0.1,10749.161027223698,10800.01184620249,1
1282,0.1,10769.892762132187,10820.742767633583,1
1283,0.1,10790.64442555615,10841.493613703882,1
1284,0.1,10811.416031632503,10862.264393782785,1
1285,0.1,10832.207567482841,10883.055112729804,1
1286,0.1,10853.019043232876,10903.865765363764,1
1287,0.1,10873.850454651598,10924.696352200017,1
1288,0.1,10894.701792609769,10945.546870964676,1
1289,0.1,10915.57307289772,10966.417325645367,1
1290,0.1,10936.464296751097,10987.30772772254,1
1291,0.1,10957.37546512099,11008.218077956231,1
1292,0.1,10978.30658238957,11029.148372300582,1
1293,0.1,10999.25763876091,11050.098611655392,1
1294,0.1,11020.228652849222,11071.06880011893,1
1295,0.1,11041.21960528365,11092.058935715306,1
1296,0.1,11062.230507997308,11113.069019912811,1
1297,0.1,11083.261380173846,11134.099059268478,1
1298,0.1,11104.312185935147,11155.149054057109,1
1299,0.1,11125.382946727283,11176.219001992524,1
1300,0.1,11146.47367038622,11197.308910300733,1
1301,0.1,11167.584373149211,11218.418782690007,1
1302,0.1,11188.715011459008,11239.548620807856,1
1303,0.1,11209.865629464764,11260.698423549442,1
1304,0.1,11226.023871575619,11281.868189829665,1
1305,0.1,11252.226756569122,11303.057916702688,1
1306,0.1,11273.437256600411,11324.267616279145,1
1307,0.1,11294.667743618647,11345.49728887541,1
1308,0.1,11315.918190828437,11366.746933688211,1
1309,0.1,11337.188617111624,11388.016553456831,1
1310,0.1,11358.479021082785,11409.306148862801,1
1311,0.1,11379.78939497777,11430.615722090104,1
1312,0.1,11401.119758123776,11451.945275639284,1
1313,0.1,11422.470085299597,11473.294808701612,1
1314,0.1,11443.840399750563,11494.664323940735,1
1315,0.1,11465.230697331608,11516.053826126501,1
1316,0.1,11486.640982671131,11537.463316794869,1
1317,0.1,11508.071256487654,11558.892795885278,1
1318,0.1,11529.521515715705,11580.34226594417,1
1319,0.1,11550.991766384233,11601.811728330895,1
1320,0.1,11572.482007063672,11623.301181474813,1
1321,0.1,11593.99223869848,11644.810626031327,1
1322,0.1,11615.522454125681,11666.340061243714,1
1323,0.1,11637.072662775781,11687.889488698815,1
1324,0.1,11658.642863093883,11709.45890971118,1
1325,0.1,11680.233054402692,11731.04832550549,1
1326,0.1,11701.843239385149,11752.657737499054,1
1327,0.1,11723.473422241701,11774.287147056253,1
1328,0.1,11745.123618979502,11795.936555923257,1
1329,0.1,11766.793771407647,11817.60596152313,1
1330,0.1,11788.48394186587,11839.29536515525,1
1331,0.1,11810.194106772904,11861.004769515832,1
1332,0.1,11831.92427341581,11882.734175130827,1
1333,0.1,11853.674437893498,11904.483581647679,1
1334,0.1,11875.444597547083,11926.25298876472,1
1335,0.1,11897.234759127954,11948.042396964334,1
1336,0.1,11919.044927494,11969.851806802768,1
1337,0.1,11940.87507737525,11991.681218006363,1
1338,0.1,11962.725233280575,12013.530630466777,1
1339,0.1,11984.595392545058,12035.400044506063,1
1340,0.1,12006.485542332779,12057.289459466914,1
1341,0.1,12028.395694520334,12079.198874586635,1
1342,0.1,12050.325864472652,12101.128290331788,1
1343,0.1,12067.26369635113,12123.077703813522,1
1344,0.1,12094.246123998633,12145.047112653541,1
1345,0.1,12116.23625485257,12167.036518441537,1
1346,0.1,12138.246382850919,12189.04592191464,1
1347,0.1,12160.276503522797,12211.075324071646,1
1348,0.1,12182.326618328816,12233.124723363142,1
1349,0.1,12204.396728274804,12255.194117658062,1
1350,0.1,12226.486828908262,12277.283507780467,1
1351,0.1,12248.596919473206,12299.392889894465,1
1352,0.1,12270.727002554519,12321.522264039964,1
1353,0.1,12292.877065970213,12343.671625497585,1
1354,0.1,12315.047120779078,12365.840977345613,1
1355,0.1,12337.237156320785,12388.030319823498,1
1356,0.1,12359.44718121372,12410.239648489744,1
1357,0.1,12381.677188901444,12432.468961721079,1
1358,0.1,12403.927171217132,12454.71825936613,1
1359,0.1,12426.19715162823,12476.987539638687,1
1360,0.1,12448.487085240624,12499.276799936528,1
1361,0.1,12470.796997489277,12521.586033388146,1
1362,0.1,12493.126885718231,12543.915240293236,1
1363,0.1,12515.476750224221,12566.264418638635,1
1364,0.1,12532.834302461344,12588.633574661813,1
1365,0.1,12560.236369228156,12611.022707255072,1
1366,0.1,12582.646139175195,12633.431808482268,1
1367,0.1,12605.075872729809,12655.86087549782,1
1368,0.1,12627.525561396837,12678.30990183167,1
1369,0.1,12649.995211496438,12700.778884390063,1
1370,0.1,12672.484811786828,12723.267826653986,1
1371,0.1,12694.994371394183,12745.776730003818,1
1372,0.1,12717.523880398727,12768.305594107158,1
1373,0.1,12740.073344817292,12790.854407618985,1
1374,0.1,12762.642756289531,12813.423165145068,1
1375,0.1,12785.232103883056,12836.011870626528,1
1376,0.1,12807.841399946108,12858.620521193523,1
1377,0.1,12830.470640264622,12881.249114367745,1
1378,0.1,12853.11980943287,12903.897654170889,1
1379,0.1,12875.788922843594,12926.566129582818,1
1380,0.1,12893.465736118285,12949.254534275615,1
1381,0.1,12921.186914205022,12971.962854117824,1
1382,0.1,12943.915778259694,12994.691086786393,1
1383,0.1,12966.664558344517,13017.439239270594,1
1384,0.1,12989.433253971058,13040.207307900231,1
1385,0.1,13007.209649566892,13062.99527945158,1
1386,0.1,13035.030324984074,13085.803129455162,1
1387,0.1,13057.858692249445,13108.630882947848,1
1388,0.1,13080.706972356104,13131.478545842043,1
1389,0.1,13103.575159031898,13154.346112844443,1
1390,0.1,13126.463222548191,13177.233565806519,1
1391,0.1,13149.371178737523,13200.14091309006,1
1392,0.1,13167.286841516767,13223.068151318852,1
1393,0.1,13195.246737249627,13246.015254212982,1
1394,0.1,13218.214329788982,13268.982231470893,1
1395,0.1,13241.201767504079,13291.969072501564,1
1396,0.1,13264.209078498845,13314.975774542016,1
1397,0.1,13282.224079786633,13338.002332443924,1
1398,0.1,13310.2832090031,13361.04871342256,1
1399,0.1,13333.350029915327,13384.114938497161,1
1400,0.1,13351.424549712063,13407.201023578265,1
1401,0.1,13369.49907401061,13430.30694212127,1
1402,0.1,13387.573602792738,13453.432643776017,1
1403,0.1,13405.648136040305,13476.57805304362,1
1404,0.1,13423.722673735276,13499.74304948735,1
1405,0.1,13472.16610684129,13522.927424097259,1
1406,0.1,13495.370701523287,13546.131450479586,1
1407,0.1,13513.58300302774,13569.35532686256,1
1408,0.1,13531.795308991914,13592.599041285825,1
1409,0.1,13550.007619397831,13615.862545753063,1
1410,0.1,13568.219934227598,13639.145767626971,1
1411,0.1,13586.43225346343,13662.4485892769,1
1412,0.1,13604.644577087629,13685.770801460549,1
1413,0.1,13658.355318137328,13709.111977044688,1
1414,0.1,13681.716559508164,13732.472651864307,1
1415,0.1,13705.097634344593,13755.853163373697,1
1416,0.1,13723.486415377061,13779.253505923929,1
1417,0.1,13741.875200909484,13802.673647413272,1
1418,0.1,13775.359676733942,13826.113525600493,1
1419,0.1,13793.807782705971,13849.573201557147,1
1420,0.1,13812.255893092992,13873.05268826748,1
1421,0.1,13830.704007877332,13896.551929324194,1
1422,0.1,13869.319216820619,13920.070837603143,1
1423,0.1,13892.85846063444,13943.609541325697,1
1424,0.1,13911.40544209815,13967.168114539329,1
1425,0.1,13939.996539733896,13990.746531575076,1
1426,0.1,13963.59535601595,14014.344802168534,1
1427,0.1,13987.214031115702,14037.962941449185,1
1428,0.1,14010.852573824897,14061.600945469745,1
1429,0.1,14034.51097475859,14085.25881025548,1
1430,0.1,14058.189246429323,14108.936548233138,1
1431,0.1,14081.887395544876,14132.634165125002,1
1432,0.1,14105.605426925562,14156.351659817,1
1433,0.1,14129.343334575917,14180.089039127235,1
1434,0.1,14153.101129754306,14203.84630599666,1
1435,0.1,14176.878787569172,14227.623442796097,1
1436,0.1,14200.676332658195,14251.420461822792,1
1437,0.1,14219.481627143123,14275.23738061692,1
1438,0.1,14248.331095111174,14299.074186929096,1
1439,0.1,14272.188307747889,14322.930879583411,1
1440,0.1,14296.065414813254,14346.807469120107,1
1441,0.1,14319.962427983339,14370.703970577075,1
1442,0.1,14343.87933812326,14394.620369179933,1
1443,0.1,14367.816145124214,14418.55666668816,1
1444,0.1,14386.760716556077,14442.512876108187,1
1445,0.1,14415.74949044977,14466.488986763768,1
1446,0.1,14439.746020422914,14490.485022087545,1
1447,0.1,14463.762481911606,14514.50098437844,1
1448,0.1,14487.798883257577,14538.536872998608,1
1449,0.1,14506.843048699215,14562.592686237527,1
1450,0.1,14535.931402676777,14586.668409752943,1
1451,0.1,14560.027551129358,14610.764063446673,1
1452,0.1,14584.143631448109,14634.879649651319,1
1453,0.1,14608.279634607561,14659.015162094616,1
1454,0.1,14632.435572795304,14683.170616937403,1
1455,0.1,14651.599307578635,14707.346026097812,1
1456,0.1,14670.76304665167,14731.541384250459,1
1457,0.1,14689.926789997613,14755.756676556677,1
1458,0.1,14709.090537599774,14779.99187795092,1
1459,0.1,14753.514305903582,14804.24693968976,1
1460,0.1,14777.789769932937,14828.521925045086,1
1461,0.1,14802.085201213418,14852.81688463609,1
1462,0.1,14826.40060910655,14877.13182584268,1
1463,0.1,14845.723833506212,14901.46674671565,1
1464,0.1,14875.0913629256,14925.821641893437,1
1465,0.1,14899.466701888852,14950.196518648687,1
1466,0.1,14923.86202081216,14974.59137562536,1
1467,0.1,14943.265155316438,14999.006215476713,1
1468,0.1,14972.712614085642,15023.441039761126,1
1469,0.1,14997.167870667705,15047.895846730193,1
1470,0.1,15021.643122687567,15072.370641248419,1
1471,0.1,15046.138353200407,15096.865423066523,1
1472,0.1,15070.653580002769,15121.380197302828,1
1473,0.1,15095.188816373382,15145.914967811334,1
1474,0.1,15119.744015930843,15170.469736427956,1
1475,0.1,15144.319229990464,15195.044503465191,1
1476,0.1,15168.914441102734,15219.639269970381,1
1477,0.1,15193.529650817494,15244.254037072724,1
1478,0.1,15218.164870700144,15268.888804649481,1
1479,0.1,15242.820069495052,15293.54357225915,1
1480,0.1,15262.483115545512,15318.218338939247,1
1481,0.1,15282.146165820646,15342.913102537852,1
1482,0.1,15316.905673877047,15367.62785819749,1
1483,0.1,15341.640860935875,15392.362611001832,1
1484,0.1,15366.39606002827,15417.117361733393,1
1485,0.1,15391.171228648907,15441.892107980982,1
1486,0.1,15415.966402952878,15466.686850496384,1
1487,0.1,15440.781567109081,15491.501581879156,1
1488,0.1,15465.616715915043,15516.336298250551,1
1489,0.1,15490.47185102495,15541.191003104055,1
1490,0.1,15515.346970120474,15566.065691376036,1
1491,0.1,15535.229930726253,15590.96035455571,1
1492,0.1,15555.112895535087,15615.874976851674,1
1493,0.1,15590.092097571258,15640.809525033697,1
1494,0.1,15610.034898021546,15665.764014336432,1
1495,0.1,15629.977702678148,15690.738439116141,1
1496,0.1,15665.016615369503,15715.732749167906,1
1497,0.1,15685.01916482798,15740.746978063733,1
1498,0.1,15715.065867225801,15765.781131032956,1
1499,0.1,15740.120394721827,15790.83523011243,1
1500,0.1,15765.194861658427,15815.909270624012,1
1501,0.1,15785.277167798524,15841.00323502786,1
1502,0.1,15815.40355105238,15866.117087960267,1
1503,0.1,15840.537725176102,15891.250833194861,1
1504,0.1,15860.679730835604,15916.404490483843,1
1505,0.1,15880.821740623598,15941.57803066464,1
1506,0.1,15916.059570679823,15966.771365512699,1
1507,0.1,15941.273164712336,15991.98452109537,1
1508,0.1,15961.494571085994,16017.217541291604,1
1509,0.1,15991.759905491674,16042.470382933398,1
1510,0.1,16017.033039527307,16067.743067392063,1
1511,0.1,16037.313986028485,16093.035630259354,1
1512,0.1,16057.594936828551,16118.348035015493,1
1513,0.1,16092.971470422768,16143.680169898455,1
1514,0.1,16118.32384960934,16169.032103700067,1
1515,0.1,16143.696064036993,16194.403869658849,1
1516,0.1,16164.076086977537,16219.795452273129,1
1517,0.1,16194.499876654172,16245.206776287065,1
1518,0.1,16219.931433523168,16270.637873574347,1
1519,0.1,16245.382778616675,16296.088767423777,1
1520,0.1,16270.853928714798,16321.559460235529,1
1521,0.1,16296.34485306577,16347.04992447121,1
1522,0.1,16321.855534179658,16372.560140647836,1
1523,0.1,16347.385989464969,16398.09013603778,1
1524,0.1,16372.936240111552,16423.639911124967,1
1525,0.1,16398.506203243334,16449.209415105546,1
1526,0.1,16419.08395257793,16474.79864343452,1
1527,0.1,16449.705228515737,16500.40748856709,1
1528,0.1,16475.334247410796,16526.036040510415,1
1529,0.1,16495.971081684973,16551.684356585058,1
1530,0.1,16526.651482983772,16577.352317286986,1
1531,0.1,16552.339615103083,16603.03996796947,1
1532,0.1,16573.03554287528,16628.74732201113,1
1533,0.1,16593.731474682478,16654.474215982846,1
1534,0.1,16629.521360250343,16680.220222903386,1
1535,0.1,16655.28733112318,16705.98570082357,1
1536,0.1,16681.073004239526,16731.7708722942,1
1537,0.1,16706.87837061921,16757.575747356612,1
1538,0.1,16732.703462354122,16783.400338456147,1
1539,0.1,16758.54821517054,16809.24459377905,1
1540,0.1,16784.412677337856,16835.10855167583,1
1541,0.1,16810.296830223902,16860.992200886645,1
1542,0.1,16836.200701856014,16886.895555660773,1
1543,0.1,16862.124209392805,16912.81856204226,1
1544,0.1,16888.06740992085,16938.76124765123,1
1545,0.1,16914.03035400903,16964.7236849429,1
1546,0.1,16940.013057737597,16990.705874794676,1
1547,0.1,16966.015477128585,17016.70777816692,1
1548,0.1,16992.037654326305,17042.729441319734,1
1549,0.1,17018.079585876545,17068.770854309572,1
1550,0.1,17044.14124235281,17094.831990246126,1
1551,0.1,17070.22261421298,17120.91284337725,1
1552,0.1,17096.323746362108,17147.013450695445,1
1553,0.1,17122.44466782666,17173.133853930172,1
1554,0.1,17148.585378501306,17199.274037257524,1
1555,0.1,17174.7459073575,17225.43404416474,1
1556,0.1,17200.9262517398,17251.61386667088,1
1557,0.1,17227.126406899097,17277.81349627626,1
1558,0.1,17253.346395709526,17304.032960078388,1
1559,0.1,17279.58620583314,17330.272243388295,1
1560,0.1,17300.83386325748,17356.531353180955,1
1561,0.1,17332.12522670857,17382.81020739788,1
1562,0.1,17358.42442826282,17409.108879550146,1
1563,0.1,17379.73150804382,17435.427414387952,1
1564,0.1,17411.082308143767,17461.76570016205,1
1565,0.1,17437.44096531456,17488.12383051158,1
1566,0.1,17463.8195648337,17514.501885184633,1
1567,0.1,17485.206045619343,17540.89978898247,1
1568,0.1,17516.636100558786,17567.317370851033,1
1569,0.1,17543.07402028739,17593.754760304048,1
1570,0.1,17564.519838115142,17620.212104380287,1
1571,0.1,17596.00972705779,17646.68941464625,1
1572,0.1,17622.507521765132,17673.18668178686,1
1573,0.1,17649.025267775425,17699.70390268861,1
1574,0.1,17675.562991295457,17726.241102986605,1
1575,0.1,17702.12070267861,17752.79829027796,1
1576,0.1,17728.698403591417,17779.375470240644,1
1577,0.1,17755.296102580327,17805.97264890219,1
1578,0.1,17781.91380128424,17832.589826200765,1
1579,0.1,17808.551487549397,17859.22699600964,1
1580,0.1,17830.19711133937,17885.884161838683,1
1581,0.1,17861.88684744055,17912.56131790509,1
1582,0.1,17883.57245386446,17939.258470152396,1
1583,0.1,17905.25806418991,17965.97561905584,1
1584,0.1,17942.039639523482,17992.712574485045,1
1585,0.1,17968.796976933452,18019.46939842551,1
1586,0.1,17990.562235147332,18046.24618063948,1
1587,0.1,18012.327497351256,18073.04284880978,1
1588,0.1,18049.18566264463,18099.8564461837,1
1589,0.1,18076.01805773381,18126.688350191005,1
1590,0.1,18102.870383649704,18153.5401887785,1
1591,0.1,18129.742593181258,18180.411905890105,1
1592,0.1,18156.634665974063,18207.303491602965,1
1593,0.1,18183.546618827746,18234.21495905049,1
1594,0.1,18210.478446995457,18261.146303493784,1
1595,0.1,18237.430145886545,18288.097519910953,1
1596,0.1,18264.40167155184,18315.068562940272,1
1597,0.1,18291.3929869263,18342.059403823594,1
1598,0.1,18318.404064642535,18369.07000101825,1
1599,0.1,18345.43480793701,18396.100267974285,1
1600,0.1,18372.4852333762,18423.150219361134,1
1601,0.1,18399.55535979144,18450.219873669368,1
1602,0.1,18426.645176336715,18477.309217078924,1
1603,0.1,18453.754717468426,18504.41829503964,1
1604,0.1,18480.88368507318,18531.54679010702,1
1605,0.1,18508.032012391213,18558.694646537402,1
1606,0.1,18530.188085134105,18585.86185531489,1
1607,0.1,18562.38402927426,18613.0456204712,1
1608,0.1,18589.586010210827,18640.24714219676,1
1609,0.1,18616.807197178787,18667.46787189811,1
1610,0.1,18644.04754771702,18694.707766120515,1
1611,0.1,18671.307125132214,18721.966895934373,1
1612,0.1,18698.585956448645,18749.245281481682,1
1613,0.1,18725.88399680442,18776.542877863103,1
1614,0.1,18753.201200146774,18803.859636092555,1
1615,0.1,18780.537594138237,18831.195592603977,1
1616,0.1,18807.89322212184,18858.550790385194,1
1617,0.1,18835.267918626912,18885.92505143077,1
1618,0.1,18862.661780909246,18913.318484954143,1
1619,0.1,18890.074622115942,18940.73089624483,1
1620,0.1,18917.50664437076,18968.16250351711,1
1621,0.1,18944.95804670109,18995.613490486747,1
1622,0.1,18972.429007295912,19023.084040153295,1
1623,0.1,18999.919762936304,19050.574409592104,1
1624,0.1,19027.430247951415,19078.084492014015,1
1625,0.1,19054.96044423367,19105.614291617803,1
1626,0.1,19082.510135963737,19133.16358279919,1
1627,0.1,19110.079483624813,19160.732539386918,1
1628,0.1,19137.668248321876,19188.3209096577,1
1629,0.1,19165.276675538058,19215.928958048804,1
1630,0.1,19192.9050656849,19243.55696426268,1
1631,0.1,19220.55342519013,19271.204953278157,1
1632,0.1,19248.2217522253,19298.872903772775,1
1633,0.1,19275.910010923395,19326.56078758209,1
1634,0.1,19303.618187993492,19354.26858646921,1
1635,0.1,19331.346262541894,19381.99628767389,1
1636,0.1,19359.09429755011,19409.743948231124,1
1637,0.1,19386.861823439074,19437.511084468893,1
1638,0.1,19414.64791465254,19465.296750839774,1
1639,0.1,19442.453294240484,19493.1017570966,1
1640,0.1,19465.26666976759,19520.925829858388,1
1641,0.1,19498.09707723321,19548.743738492776,1
1642,0.1,19525.918696344328,19576.564877337027,1
1643,0.1,19553.750872720942,19604.396330746615,1
1644,0.1,19581.586645049218,19632.23124963334,1
1645,0.1,19609.42022958873,19660.063814775105,1
1646,0.1,19637.240560733677,19687.882758416534,1
1647,0.1,19665.042803236385,19715.68366438636,1
1648,0.1,19692.828243623422,19743.467797612204,1
1649,0.1,19720.595641001215,19771.233811538445,1
1650,0.1,19748.343439782107,19798.980214497096,1
1651,0.1,19776.071714124853,19826.707116055302,1
1652,0.1,19803.78030841577,19854.41432463484,1
1653,0.1,19831.46897630617,19882.10160513644,1
1654,0.1,19859.137666340946,19909.768924689546,1
1655,0.1,19886.786399853256,19937.41628468159,1
1656,0.1,19914.415247466943,19965.043763161008,1
1657,0.1,19942.024401566134,19992.65156496473,1
1658,0.1,19969.613937664137,20020.23974935298,1
1659,0.1,19997.183704294548,20047.808169117106,1
1660,0.1,20024.733557497337,20075.35667038794,1
1661,0.1,20047.27599144988,20102.88520355428,1
1662,0.1,20069.818428651994,20130.39376109649,1
1663,0.1,20107.263254499387,20157.882338571828,1
1664,0.1,20134.7332811836,20185.351040785754,1
1665,0.1,20162.183397529243,20212.79982664071,1
1666,0.1,20189.61354157117,20240.2286386224,1
1667,0.1,20217.023717088527,20267.637495052506,1
1668,0.1,20244.41393855919,20295.026404314543,1
1669,0.1,20271.784197554203,20322.395347086087,1
1670,0.1,20299.13452900698,20349.744372833564,1
1671,0.1,20326.464914306533,20377.073455923975,1
1672,0.1,20353.77531983553,20404.382561241713,1
1673,0.1,20381.06574319746,20431.671688627543,1
1674,0.1,20408.336184031206,20458.940837693357,1
1675,0.1,20435.586647883425,20486.190008080965,1
1676,0.1,20462.817127950697,20513.419208896416,1
1677,0.1,20490.027632695146,20540.628435513914,1
1678,0.1,20517.21816206647,20567.81768231761,1
1679,0.1,20544.388705268095,20594.9869570983,1
1680,0.1,20571.53927984711,20622.136263819433,1
1681,0.1,20598.669879963698,20649.265602025276,1
1682,0.1,20625.7805282608,20676.37499158368,1
1683,0.1,20652.87124273784,20703.46444285057,1
1684,0.1,20679.942012110514,20730.533971883593,1
1685,0.1,20702.005244335436,20757.58356895149,1
1686,0.1,20734.023735223993,20784.613207326223,1
1687,0.1,20756.04703542657,20811.622874667682,1
1688,0.1,20788.025563482293,20838.61256446613,1
1689,0.1,20810.008890940127,20865.58229259708,1
1690,0.1,20841.94751183766,20892.532058137713,1
1691,0.1,20863.890898899488,20919.461864111603,1
1692,0.1,20885.834288533104,20946.371705844966,1
1693,0.1,20922.68067850435,20973.261573423613,1
1694,0.1,20949.55177549338,21000.131460577908,1
1695,0.1,20971.41523989437,21026.981368660396,1
1696,0.1,21003.23402077227,21053.811297029006,1
1697,0.1,21025.057507746176,21080.621242902595,1
1698,0.1,21046.880997186236,21107.41120531427,1
1699,0.1,21068.704489084786,21134.18118386182,1
1700,0.1,21090.527983434185,21160.931178320767,1
1701,0.1,21137.08986931649,21187.6611885326,1
1702,0.1,21163.8010754805,21214.371214835388,1
1703,0.1,21190.492295106476,21241.061257299272,1
1704,0.1,21212.175830699016,21267.731315734603,1
1705,0.1,21243.814771900703,21294.381389858703,1
1706,0.1,21270.446029414205,21321.011479648125,1
1707,0.1,21297.057297979547,21347.621585206158,1
1708,0.1,21323.648580389778,21374.211706425085,1
1709,0.1,21350.219875322106,21400.781845567828,1
1710,0.1,21376.771184785077,21427.33200161091,1
1711,0.1,21403.302507397144,21453.862172958565,1
1712,0.1,21429.813842431562,21480.372361751208,1
1713,0.1,21456.305190384228,21506.862567139742,1
1714,0.1,21482.776556733625,21533.332787642692,1
1715,0.1,21509.22793198905,21559.78303065671,1
1716,0.1,21535.65933073414,21586.21329507447,1
1717,0.1,21562.070746446825,21612.623583006036,1
1718,0.1,21588.462186910372,21639.013890239145,1
1719,0.1,21614.833629124678,21665.384215139096,1
1720,0.1,21641.185092829666,21691.734556417592,1
1721,0.1,21662.528777060834,21718.064913913047,1
1722,0.1,21693.8280544543,21744.37528758649,1
1723,0.1,21720.119553839642,21770.665676096396,1
1724,0.1,21741.403259668845,21796.936078985647,1
1725,0.1,21772.642585132187,21823.186496104187,1
1726,0.1,21798.874119844008,21849.416927332575,1
1727,0.1,21825.08566336748,21875.627374090254,1
1728,0.1,21851.277222379245,21901.817835818,1
1729,0.1,21877.44879741392,21927.988316996398,1
1730,0.1,21903.600385458976,21954.138816653274,1
1731,0.1,21929.73198361642,21980.26933202391,1
1732,0.1,21955.843594694456,22006.379863148868,1
1733,0.1,21981.935220720952,22032.470408726153,1
1734,0.1,22008.006856439562,22058.540967903195,1
1735,0.1,22034.0585017464,22084.591540665817,1
1736,0.1,22060.090161482964,22110.62212688198,1
1737,0.1,22086.101827583367,22136.63272764013,1
1738,0.1,22112.093506866375,22162.623342498493,1
1739,0.1,22138.065200104378,22188.593970675454,1
1740,0.1,22164.016902302137,22214.544613035272,1
1741,0.1,22184.960723088745,22240.475270863917,1
1742,0.1,22205.90454576626,22266.385944273483,1
1743,0.1,22241.752075760098,22292.276632820984,1
1744,0.1,22262.63591968029,22318.14733510629,1
1745,0.1,22283.519765350455,22343.99805029973,1
1746,0.1,22319.30735773725,22369.828778304473,1
1747,0.1,22345.119137949016,22395.639519894663,1
1748,0.1,22370.910932026774,22421.430275503586,1
1749,0.1,22396.6827301209,22447.201045734928,1
1750,0.1,22422.434543795644,22472.951829488895,1
1751,0.1,22448.1663685563,22498.68262576463,1
1752,0.1,22473.87820490062,22524.39343451116,1
1753,0.1,22499.570053953892,22550.084256425227,1
1754,0.1,22525.24190657083,22575.755092642317,1
1755,0.1,22550.893771358704,22601.405945317652,1
1756,0.1,22576.52565127035,22627.036812296305,1
1757,0.1,22602.137543623216,22652.647691453578,1
1758,0.1,22627.729454161607,22678.238585533236,1
1759,0.1,22653.30135947074,22703.809493286735,1
1760,0.1,22678.85328779133,22729.36041567606,1
1761,0.1,22704.385220982094,22754.891352468298,1
1762,0.1,22729.89716989578,22780.40230167837,1
1763,0.1,22755.38912493823,22805.893263375165,1
1764,0.1,22780.861091459352,22831.364237272977,1
1765,0.1,22806.313068075466,22856.815222964553,1
1766,0.1,22831.74505421793,22882.246222820144,1
1767,0.1,22857.15705764989,22907.657235877497,1
1768,0.1,22882.54906008286,22933.048261596567,1
1769,0.1,22907.92107720291,22958.41929953261,1
1770,0.1,22933.27310436408,22983.770348958555,1
1771,0.1,22958.60514112831,23009.101409828938,1
1772,0.1,22978.92914793136,23034.412482632793,1
1773,0.1,23009.209239666634,23059.703567350858,1
1774,0.1,23034.48130508269,23084.974665655864,1
1775,0.1,23059.73338214701,23110.225778664615,1
1776,0.1,23084.965471153024,23135.456904217615,1
1777,0.1,23110.177574162524,23160.668041418332,1
1778,0.1,23135.36967743787,23185.85919451638,1
1779,0.1,23155.55373118322,23211.03036150261,1
1780,0.1,23185.693930696605,23236.18153945097,1
1781,0.1,23210.82607087,23261.31272835452,1
1782,0.1,23235.938217948307,23286.423928632175,1
1783,0.1,23261.03037510067,23311.51514002801,1
1784,0.1,23286.102540449556,23336.586362241094,1
1785,0.1,23311.154714742814,23361.637595261305,1
1786,0.1,23336.186897923333,23386.668840808758,1
1787,0.1,23361.199091115654,23411.680098184053,1
1788,0.1,23386.191292722975,23436.67136619304,1
1789,0.1,23411.163502682535,23461.642644755953,1
1790,0.1,23436.115720516715,23486.5939338642,1
1791,0.1,23461.047946647406,23511.525233472436,1
1792,0.1,23485.960188952733,23536.436543502517,1
1793,0.1,23510.852426118876,23561.327866777658,1
1794,0.1,23535.72468125918,23586.199202261985,1
1795,0.1,23560.576945198503,23611.050548072555,1
1796,0.1,23580.42107472673,23635.88190451339,1
1797,0.1,23600.265205454994,23660.693271607597,1
1798,0.1,23635.013784861327,23685.484649098842,1
1799,0.1,23659.786087248292,23710.25603714308,1
1800,0.1,23684.53838664281,23735.007436164597,1
1801,0.1,23709.270700995196,23759.73884711439,1
1802,0.1,23733.983024669273,23784.450269003937,1
1803,0.1,23758.67535637603,23809.141700883774,1
1804,0.1,23783.34769638164,23833.813142714283,1
1805,0.1,23808.0000440264,23858.464595812722,1
1806,0.1,23832.632400804887,23883.096059643063,1
1807,0.1,23857.244765414907,23907.707533301564,1
1808,0.1,23881.837137802282,23932.299016779838,1
1809,0.1,23906.409518375727,23956.87051000816,1
1810,0.1,23930.96190590645,23981.422014220265,1
1811,0.1,23955.49430378826,24005.9535289434,1
1812,0.1,23980.006707967324,24030.465053607917,1
1813,0.1,24004.499120425266,24054.956588032146,1
1814,0.1,24023.983325146768,24079.428131981418,1
1815,0.1,24053.423968198305,24103.879685419874,1
1816,0.1,24077.856403423553,24128.31124860268,1
1817,0.1,24097.280619152967,24152.722822581323,1
1818,0.1,24126.661298396433,24177.114407668378,1
1819,0.1,24151.03376433757,24201.48600273915,1
1820,0.1,24175.38622817959,24225.837608410584,1
1821,0.1,24199.718705297164,24250.169224247613,1
1822,0.1,24224.031189922393,24274.4808493665,1
1823,0.1,24248.323682262668,24298.772483703913,1
1824,0.1,24267.60792629189,24323.044127461868,1
1825,0.1,24296.848686069938,24347.295780661807,1
1826,0.1,24321.081199891258,24371.527443066832,1
1827,0.1,24345.293719976744,24395.739114546213,1
1828,0.1,24369.486247832916,24419.930795061628,1
1829,0.1,24393.65878189985,24444.102484580297,1
1830,0.1,24417.81132847058,24468.254183064346,1
1831,0.1,24441.943871890126,24492.385890785557,1
1832,0.1,24466.056427895026,24516.497607623733,1
1833,0.1,24490.148990425972,24540.589333325013,1
1834,0.1,24514.22155979869,24564.6610678281,1
1835,0.1,24538.274137666598,24588.712811098947,1
1836,0.1,24562.30671953649,24612.74456406658,1
1837,0.1,24586.31931270959,24636.756326389313,1
1838,0.1,24610.311916946757,24660.74809763333,1
1839,0.1,24634.28451895203,24684.719877616477,1
1840,0.1,24658.23712775212,24708.67166719882,1
1841,0.1,24682.169749416247,24732.603466065888,1
1842,0.1,24706.08237644706,24756.515273685713,1
1843,0.1,24729.975008923942,24780.407090164575,1
1844,0.1,24753.847653853052,24804.27891525251,1
1845,0.1,24772.71196728982,24828.130749041633,1
1846,0.1,24791.576281580616,24851.962591600248,1
1847,0.1,24825.345614714053,24875.77444276735,1
1848,0.1,24849.138280578398,24899.566303208347,1
1849,0.1,24872.910958338358,24923.338172540836,1
1850,0.1,24896.663642602387,24947.090050376886,1
1851,0.1,24920.39633800995,24970.82193683943,1
1852,0.1,24944.10902645153,24994.533833136273,1
1853,0.1,24967.801728616912,25018.22573876685,1
1854,0.1,24991.47444257954,25041.897652699474,1
1855,0.1,25015.127158286134,25065.5495755704,1
1856,0.1,25038.759885861866,25089.181507058314,1
1857,0.1,25062.372615405464,25112.793447384767,1
1858,0.1,25085.965354308355,25136.385396258225,1
1859,0.1,25109.53809885204,25159.957353135083,1
1860,0.1,25133.09085352758,25183.50931800573,1
1861,0.1,25156.62360897795,25207.04129167622,1
1862,0.1,25180.13637340339,25230.553273856323,1
1863,0.1,25198.6407466337,25254.04526394114,1
1864,0.1,25227.101921714577,25277.517261928784,1
1865,0.1,25250.554708038053,25300.969267788663,1
1866,0.1,25273.987495082496,25324.401281640126,1
1867,0.1,25297.400290257974,25347.813303372357,1
1868,0.1,25320.793095703666,25371.205332864123,1
1869,0.1,25344.16590363732,25394.577370780877,1
1870,0.1,25367.51871887117,25417.929417007676,1
1871,0.1,25390.85154076716,25441.261471205566,1
1872,0.1,25414.16436554355,25464.573533861112,1
1873,0.1,25437.457200059765,25487.865604565544,1
1874,0.1,25460.73004238145,25511.137682841945,1
1875,0.1,25483.982887375696,25534.389769396403,1
1876,0.1,25507.215743683475,25557.6218639985,1
1877,0.1,25525.440156557954,25580.83396624498,1
1878,0.1,25543.66457010589,25604.026076151917,1
1879,0.1,25576.794336439983,25627.19819361412,1
1880,0.1,25599.947212821906,25650.35031852169,1
1881,0.1,25623.080096218702,25673.482450828782,1
1882,0.1,25646.19298406599,25696.594590511962,1
1883,0.1,25669.285885570298,25719.6867375413,1
1884,0.1,25692.358784888278,25742.758893352126,1
1885,0.1,25715.41168765961,25765.811057803086,1
1886,0.1,25738.44460222688,25788.843229759288,1
1887,0.1,25761.457521303477,25811.855408959065,1
1888,0.1,25784.450446539086,25834.847595373616,1
1889,0.1,25807.423379507298,25857.819788997087,1
1890,0.1,25830.37631880662,25880.771989964163,1
1891,0.1,25853.30926367542,25903.704198756757,1
1892,0.1,25876.222206144867,25926.616415279655,1
1893,0.1,25894.126662022427,25949.50863904048,1
1894,0.1,25921.98812037023,25972.380869850145,1
1895,0.1,25944.8410925916,25995.233107698925,1
1896,0.1,25967.67405828508,26018.065353883543,1
1897,0.1,25990.48703744803,26040.877608009298,1
1898,0.1,26013.280026304274,26063.669869099867,1
1899,0.1,26036.05301250491,26086.442137642916,1
1900,0.1,26058.80600776195,26109.194413608107,1
1901,0.1,26076.550484675838,26131.926697165964,1
1902,0.1,26104.252016722723,26154.63898853391,1
1903,0.1,26126.94503128117,26177.33128713047,1
1904,0.1,26144.629516386958,26200.003593124504,1
1905,0.1,26172.271076427696,26222.65590683633,1
1906,0.1,26194.904108187795,26245.28822825147,1
1907,0.1,26217.517145433263,26267.900557381523,1
1908,0.1,26240.11018896783,26290.492893649713,1
1909,0.1,26262.68323863901,26313.065236633392,1
1910,0.1,26285.23629175606,26335.617586446562,1
1911,0.1,26307.769356730885,26358.149943029795,1
1912,0.1,26330.28241599446,26380.66230672037,1
1913,0.1,26352.7754864465,26403.154677344348,1
1914,0.1,26370.259996634162,26425.62705456808,1
1915,0.1,26397.701643020704,26448.07943837314,1
1916,0.1,26415.146157496227,26470.511828720333,1
1917,0.1,26442.54781959255,26492.924225570274,1
1918,0.1,26459.952338066087,26515.316628899513,1
1919,0.1,26487.314016363096,26537.68903868702,1
1920,0.1,26509.667122470782,26560.041454909555,1
1921,0.1,26532.000233292663,26582.373877684568,1
1922,0.1,26554.313349500688,26604.686306959124,1
1923,0.1,26576.60647026932,26626.97874274049,1
1924,0.1,26598.8795972002,26649.251185475703,1
1925,0.1,26621.132729154902,26671.503635043777,1
1926,0.1,26643.365871306058,26693.736091021638,1
1927,0.1,26665.579008736626,26715.94855432555,1
1928,0.1,26687.772157484804,26738.141024670396,1
1929,0.1,26709.94531668316,26760.313501269124,1
1930,0.1,26732.098469164404,26782.465984500785,1
1931,0.1,26754.23163323328,26804.598474231956,1
1932,0.1,26776.344801644795,26826.71097015403,1
1933,0.1,26793.449352333606,26848.803472361244,1
1934,0.1,26820.511153453986,26870.875980896857,1
1935,0.1,26842.56433669683,26892.92849563369,1
1936,0.1,26864.5975247553,26914.96101660659,1
1937,0.1,26886.610718041946,26936.973543879478,1
1938,0.1,26908.603915267933,26958.96607730393,1
1939,0.1,26930.577118737514,26980.93861720995,1
1940,0.1,26952.53032603957,27002.891163464174,1
1941,0.1,26974.463538999255,27024.823716153776,1
1942,0.1,26991.388108225536,27046.73627558854,1
1943,0.1,27018.269981080557,27068.62884170747,1
1944,0.1,27040.14321012912,27090.50141418184,1
1945,0.1,27061.996442975524,27112.353992663415,1
1946,0.1,27083.829681428797,27134.186577157714,1
1947,0.1,27100.654261075684,27155.999167619033,1
1948,0.1,27117.478841140415,27177.79176393664,1
1949,0.1,27149.209422585136,27199.56436609604,1
1950,0.1,27165.974007070567,27221.31697419167,1
1951,0.1,27182.738591965797,27243.049588259295,1
1952,0.1,27199.503177270064,27264.7622082301,1
1953,0.1,27216.26776298261,27286.454834047978,1
1954,0.1,27257.77575118802,27308.127465666043,1
1955,0.1,27279.429029810937,27329.780103028057,1
1956,0.1,27301.0623135349,27351.412746204704,1
1957,0.1,27322.675601776875,27373.025395265726,1
1958,0.1,27344.268895610767,27394.618050477216,1
1959,0.1,27360.85349663767,27416.190711634044,1
1960,0.1,27377.438098048297,27437.743378420946,1
1961,0.1,27408.928801678914,27459.276050824294,1
1962,0.1,27430.44211801963,27480.78872921018,1
1963,0.1,27451.935430132857,27502.28141465775,1
1964,0.1,27473.408757733414,27523.7541069316,1
1965,0.1,27494.86208164672,27545.206806212675,1
1966,0.1,27516.295415161727,27566.639511889785,1
1967,0.1,27537.708752922055,27588.052223080642,1
1968,0.1,27559.102094299287,27609.444939780355,1
1969,0.1,27580.475447012974,27630.817662063553,1
1970,0.1,27596.84007004049,27652.170390054758,1
1971,0.1,27613.204693537333,27673.503123820577,1
1972,0.1,27629.569317502668,27694.81586339367,1
1973,0.1,27665.7688714655,27716.108608802846,1
1974,0.1,27687.04224117897,27737.381359891224,1
1975,0.1,27703.306873544367,27758.634116433568,1
1976,0.1,27729.52899122457,27779.866878348726,1
1977,0.1,27750.742372924207,27801.079645706828,1
1978,0.1,27766.947009959025,27822.272418554054,1
1979,0.1,27783.151647328206,27843.445196845976,1
1980,0.1,27799.35628503117,27864.59798052498,1
1981,0.1,27815.56092306733,27885.73076954331,1
1982,0.1,27831.765561436107,27906.843563860573,1
1983,0.1,27877.60275176955,27927.936363441917,1
1984,0.1,27898.67616275022,27949.009168344874,1
1985,0.1,27919.7295782412,27970.061978613823,1
1986,0.1,27940.76299721623,27991.094794135355,1
1987,0.1,27961.77642112771,28012.107614913428,1
1988,0.1,27982.769848344902,28033.100440923303,1
1989,0.1,28003.7432803525,28054.073272404512,1
1990,0.1,28024.696715872506,28075.02610926176,1
1991,0.1,28045.63015609644,28095.95895132064,1
1992,0.1,28066.543605780742,28116.871798533164,1
1993,0.1,28087.43704840494,28137.7646510812,1
1994,0.1,28108.31050099503,28158.637508967437,1
1995,0.1,28129.16395764981,28179.49037205072,1
1996,0.1,28149.997418356634,28200.323240314574,1
1997,0.1,28170.810883087037,28221.136113742585,1
1998,0.1,28191.604351814472,28241.92899222811,1
1999,0.1,28212.37782440136,28262.701875774677,1
